method,tick,time_ms,burst_active,hotspot_pressure_mean,delivery_ratio_mean,delivery_ratio_ci95,control_messages_mean,control_messages_ci95,control_bytes_mean,control_bytes_ci95,route_changes_mean,route_changes_ci95
snn_sra,0,0,0,0.0,0.0259999999999998,0.0033233416917313567,0.0,0.0,0.0,0.0,0.0,0.0
snn_sra,1,10,0,0.0,0.24099999999999772,0.013472772543170019,18785.2,1795.089024528867,601126.4,57442.84878492374,2816.0,178.93844662341294
snn_sra,2,20,0,0.0,0.7899999999999986,0.03433498216105574,29681.8,1441.339996608711,949817.6,46122.879891478755,5031.6,128.66560292479102
snn_sra,3,30,0,0.0,0.9904999999999999,0.007961557636543295,6278.0,1174.9259195030124,200896.0,37597.6294240964,1390.8,265.4294495793562
snn_sra,4,40,0,0.0,0.999,0.001959999999999958,194.2,201.1292370193851,6214.4,6436.135584620323,65.2,67.07210496174994
snn_sra,5,50,0,0.004799999999999941,0.9980740740740741,0.003774814814814868,18785.2,1795.089024528867,601126.4,57442.84878492374,0.0,0.0
snn_sra,6,60,0,0.009599999999999881,0.9972142857142858,0.005459999999999945,29681.8,1441.339996608711,949817.6,46122.879891478755,0.0,0.0
snn_sra,7,70,0,0.014399999999999821,0.9964137931034482,0.0070289655172412705,6278.0,1174.9259195030124,200896.0,37597.6294240964,0.0,0.0
snn_sra,8,80,0,0.019199999999999762,0.9956666666666667,0.008493333333333398,194.2,201.1292370193851,6214.4,6436.135584620323,0.0,0.0
snn_sra,9,90,0,0.0239999999999997,0.9949677419354839,0.009863225806451608,18785.2,1795.089024528867,601126.4,57442.84878492374,0.0,0.0
snn_sra,10,100,0,0.028799999999999642,0.9943125,0.011147500000000086,29681.8,1441.339996608711,949817.6,46122.879891478755,0.0,0.0
snn_sra,11,110,0,0.03359999999999958,0.9936969696969697,0.012353939393939473,0.0,0.0,0.0,0.0,0.0,0.0
snn_sra,12,120,0,0.038399999999999525,0.9931176470588235,0.013489411764705755,0.0,0.0,0.0,0.0,0.0,0.0
snn_sra,13,130,0,0.04319999999999947,0.9925714285714285,0.014559999999999912,0.0,0.0,0.0,0.0,0.0,0.0
snn_sra,14,140,0,0.0479999999999994,0.9920555555555556,0.015571111111110977,0.0,0.0,0.0,0.0,0.0,0.0
snn_sra,15,150,0,0.05279999999999935,0.9915675675675676,0.01652756756756744,0.0,0.0,0.0,0.0,0.0,0.0
snn_sra,16,160,0,0.057599999999999284,0.9911052631578947,0.017433684210526233,0.0,0.0,0.0,0.0,0.0,0.0
snn_sra,17,170,0,0.06239999999999922,0.9906666666666666,0.018293333333333276,0.0,0.0,0.0,0.0,0.0,0.0
snn_sra,18,180,0,0.06719999999999916,0.99025,0.019110000000000113,0.0,0.0,0.0,0.0,0.0,0.0
snn_sra,19,190,0,0.0719999999999991,0.9898536585365854,0.0198868292682927,0.0,0.0,0.0,0.0,0.0,0.0
snn_sra,20,200,0,0.07679999999999905,0.9894761904761905,0.020626666666666557,0.0,0.0,0.0,0.0,0.0,0.0
snn_sra,21,210,0,0.08159999999999898,0.9891162790697676,0.021332093023255675,0.0,0.0,0.0,0.0,0.0,0.0
snn_sra,22,220,0,0.08639999999999894,0.9887727272727274,0.022005454545454505,0.0,0.0,0.0,0.0,0.0,0.0
snn_sra,23,230,0,0.09119999999999887,0.9884444444444445,0.02264888888888886,0.0,0.0,0.0,0.0,0.0,0.0
snn_sra,24,240,0,0.0959999999999988,0.9881304347826088,0.023264347826086836,0.0,0.0,0.0,0.0,0.0,0.0
snn_sra,25,250,0,0.10079999999999875,0.9878297872340426,0.023853617021276544,0.0,0.0,0.0,0.0,0.0,0.0
snn_sra,26,260,0,0.1055999999999987,0.9875416666666667,0.024418333333333275,0.0,0.0,0.0,0.0,0.0,0.0
snn_sra,27,270,0,0.11039999999999864,0.987265306122449,0.024959999999999993,0.0,0.0,0.0,0.0,0.0,0.0
snn_sra,28,280,0,0.11519999999999857,0.9870000000000001,0.025479999999999805,0.0,0.0,0.0,0.0,0.0,0.0
snn_sra,29,290,0,0.11999999999999851,0.9867450980392156,0.025979607843137256,0.0,0.0,0.0,0.0,0.0,0.0
snn_sra,30,300,0,0.12479999999999844,0.9865,0.026460000000000046,0.0,0.0,0.0,0.0,0.0,0.0
snn_sra,31,310,0,0.1295999999999984,0.9862641509433961,0.02692226415094338,0.0,0.0,0.0,0.0,0.0,0.0
snn_sra,32,320,0,0.13439999999999833,0.986037037037037,0.027367407407407476,0.0,0.0,0.0,0.0,0.0,0.0
snn_sra,33,330,0,0.13919999999999827,0.9858181818181817,0.02779636363636368,0.0,0.0,0.0,0.0,0.0,0.0
snn_sra,34,340,0,0.1439999999999982,0.9856071428571429,0.028209999999999992,0.0,0.0,0.0,0.0,0.0,0.0
snn_sra,35,350,0,0.14879999999999813,0.9854035087719298,0.02860912280701769,0.0,0.0,0.0,0.0,0.0,0.0
snn_sra,36,360,0,0.1535999999999981,0.9852068965517242,0.028994482758620658,0.0,0.0,0.0,0.0,0.0,0.0
snn_sra,37,370,0,0.15839999999999804,0.9850169491525422,0.029366779661017098,112.4,220.30399999999997,3596.8,7049.727999999999,0.0,0.0
snn_sra,38,380,0,0.16319999999999796,0.985593220338983,0.028237288135593317,42.2,82.71199999999999,1350.4,2646.7839999999997,2.0,3.9199999999999995
snn_sra,39,390,0,0.16319999999999796,0.985593220338983,0.028237288135593317,182.0,356.71999999999997,5824.0,11415.039999999999,0.0,0.0
snn_sra,40,400,1,0.1631999999999979,0.6850825490370152,0.1246773899620463,11.0,21.560000000000002,352.0,689.9200000000001,1.4,2.7439999999999998
snn_sra,41,410,1,1.118399999999999,0.595724897489401,0.1528069432562752,17.8,34.888000000000005,569.6,1116.4160000000002,0.0,0.0
snn_sra,42,420,1,1.6656000000000006,0.5802152717028297,0.1605345313344103,155.2,304.19199999999995,4966.4,9734.143999999998,4.4,8.624
snn_sra,43,430,1,1.7928000000000002,0.5756308393009674,0.16568316507683908,1706.8,1285.3152480788517,54617.6,41130.087938523255,17.0,33.31999999999999
snn_sra,44,440,1,1.8,0.9066588385339905,0.05667260048877377,2964.2,915.121124433263,94854.4,29283.875981864418,201.2,179.42555554881247
snn_sra,45,450,1,1.8,0.9666241341727405,0.02059505352339301,2473.0,796.6123366355808,79136.0,25491.594772338587,286.4,122.50329275574595
snn_sra,46,460,1,1.8,0.9787117802074004,0.006468165283682984,801.8,368.73398268128204,25657.6,11799.487445801025,82.6,45.18469581617209
snn_sra,47,470,1,1.8,0.9824907125902616,0.005634211152548065,1354.0,1127.5682567365932,43328.0,36082.18421557098,33.2,40.89501368137685
snn_sra,48,480,1,1.8,0.9884736838470559,0.0056909350534682214,2692.2,1014.6008485232011,86150.4,32467.227152742435,1.0,1.2396128427860047
snn_sra,49,490,1,1.8,0.9879009521224484,0.005324218920050522,2271.6,643.2042743141559,72691.2,20582.53677805299,8.4,11.028375038961995
snn_sra,50,500,1,1.8,0.9879385039259725,0.004965367051938038,804.4,239.7021503783393,25740.8,7670.4688121068575,13.2,21.01317453408694
snn_sra,51,510,1,1.8,0.9880096037622984,0.00466466206380478,1340.8,1124.5870258828347,42905.6,35986.78482825071,2.2,1.9002905041072007
snn_sra,52,520,1,1.8,0.98811559539497,0.004439628652009388,2447.4,750.6832240139645,78316.8,24021.863168446864,1.0,1.9599999999999997
snn_sra,53,530,1,1.8,0.9852925317650547,0.005881072981681698,1919.4,586.2263342566588,61420.8,18759.24269621308,2.2,2.93345939123077
snn_sra,54,540,1,1.8,0.9843501524296935,0.006923283594149243,715.8,226.54954862899197,22905.6,7249.585556127743,0.6,0.7839999999999999
snn_sra,55,550,1,1.8,0.9847817491254212,0.005840617370534568,1378.0,1042.359437660541,44096.0,33355.502005137314,0.2,0.392
snn_sra,56,560,1,1.8,0.9850473219538991,0.0050678876226152424,1902.6,616.2604683865418,60883.2,19720.334988369337,0.0,0.0
snn_sra,57,570,1,1.8,0.9853598745928919,0.004259090756421812,986.8,427.49096259921095,31577.6,13679.71080317475,3.0,3.4509361048851654
snn_sra,58,580,1,1.8,0.9877116309310481,0.005542197737882868,577.8,257.5259506612877,18489.6,8240.830421161207,2.8,1.4402999687565088
snn_sra,59,590,1,1.8,0.9901398489073644,0.006608937576866873,1168.4,1144.8307149338718,37388.8,36634.5828778839,2.4,0.4800999895855029
snn_sra,60,600,1,1.8,0.9884757274660056,0.0075888944385398074,1887.2,606.192037083959,60390.4,19398.14518668669,4.0,3.3377597277215747
snn_sra,61,610,1,1.8,0.9907766405480581,0.009039691006465416,1220.4,170.43504550414508,39052.8,5453.921456132643,4.0,4.338644949751016
snn_sra,62,620,1,1.8,0.9920236920589527,0.009387233617987566,609.4,258.2255183671823,19500.8,8263.216587749834,8.8,15.794730260438133
snn_sra,63,630,1,1.8,0.9920757458349477,0.009514548032181382,1156.6,1148.3983722454502,37011.2,36748.74791185441,0.2,0.392
snn_sra,64,640,1,1.8,0.9918526995807306,0.009797325999840194,1919.8,669.7175163783608,61433.6,21430.960524107544,1.4,1.9203999583420115
snn_sra,65,650,1,1.8,0.9916480488938719,0.01006650034196605,888.2,256.5732083908996,28422.4,8210.342668508787,0.0,0.0
snn_sra,66,660,1,1.8,0.9914596081624077,0.010321933655735492,513.6,295.7993921832835,16435.2,9465.580549865072,0.6,1.176
snn_sra,67,670,1,1.8,0.9912855248200076,0.010563893670175439,1358.4,1048.083238648534,43468.8,33538.66363675309,0.0,0.0
snn_sra,68,680,1,1.8,0.9911242182366827,0.010792882644376221,1849.8,578.9991941134288,59193.6,18527.97421162972,0.0,0.0
snn_sra,69,690,1,1.8,0.9909743315884605,0.011009529547217945,860.2,284.2056771846755,27526.4,9094.581669909616,0.2,0.392
snn_sra,70,700,1,1.8,0.9934209004964973,0.010031715985311081,510.4,293.9938586025225,16332.8,9407.80347528072,0.4,0.784
snn_sra,71,710,0,1.8,0.9952941176470589,0.007034358584266346,1113.6,1142.9110414796069,35635.2,36573.15332734742,0.0,0.0
snn_sra,72,720,0,1.8,0.9994905660377359,0.0009984905660376465,1925.8,639.2375262326203,61625.6,20455.60083944385,0.2,0.392
snn_sra,73,730,0,1.8,1.0,0.0,968.8,405.41755490358327,31001.6,12973.361756914665,0.0,0.0
snn_sra,74,740,0,1.8,1.0,0.0,501.8,290.3410393037815,16057.6,9290.913257721008,0.0,0.0
snn_sra,75,750,0,1.8,1.0,0.0,1163.8,1129.5434936575039,37241.6,36145.39179704012,2.0,3.9199999999999995
snn_sra,76,760,0,1.8,1.0,0.0,1844.2,578.3791627505265,59014.4,18508.133208016847,0.0,0.0
snn_sra,77,770,0,1.8,1.0,0.0,969.0,391.7186390255128,31008.0,12534.99644881641,0.0,0.0
snn_sra,78,780,0,1.8,1.0,0.0,654.4,247.12530023451666,20940.8,7908.009607504533,0.0,0.0
snn_sra,79,790,0,1.8,1.0,0.0,1063.2,1163.182208350867,34022.4,37221.83066722775,0.0,0.0
snn_sra,80,800,0,1.8,1.0,0.0,1800.2,560.7125988097646,57606.4,17942.803161912467,0.0,0.0
snn_sra,81,810,0,1.8,1.0,0.0,917.8,438.20550693025297,29369.6,14022.576221768095,0.0,0.0
snn_sra,82,820,0,1.8,1.0,0.0,507.8,297.144920710417,16249.6,9508.637462733344,0.0,0.0
snn_sra,83,830,0,1.8,1.0,0.0,1053.0,1168.271313488438,33696.0,37384.682031630015,0.0,0.0
snn_sra,84,840,0,1.8,1.0,0.0,1969.2,558.992,63014.4,17887.744,0.0,0.0
snn_sra,85,850,0,1.8,1.0,0.0,820.4,333.37842752043815,26252.8,10668.10968065402,0.0,0.0
snn_sra,86,860,0,1.8,1.0,0.0,577.8,250.21332671142835,18489.6,8006.826454765707,0.0,0.0
snn_sra,87,870,0,1.8,1.0,0.0,1065.8,1161.9364369121056,34105.6,37181.96598118738,0.0,0.0
snn_sra,88,880,0,1.8,1.0,0.0,1782.0,530.2913931038293,57024.0,16969.324579322536,0.0,0.0
snn_sra,89,890,0,1.8,1.0,0.0,823.0,329.754491462967,26336.0,10552.143726814944,0.0,0.0
snn_sra,90,900,0,1.8,1.0,0.0,784.8,456.0450401265208,25113.6,14593.441284048666,0.0,0.0
snn_sra,91,910,0,1.8,1.0,0.0,1137.2,1155.6967441262434,36390.4,36982.29581203979,0.0,0.0
snn_sra,92,920,0,1.8,1.0,0.0,1781.0,528.6389247870421,56992.0,16916.445593185348,0.0,0.0
snn_sra,93,930,0,1.8,1.0,0.0,850.4,295.25472788085887,27212.8,9448.151292187484,0.0,0.0
snn_sra,94,940,0,1.8,1.0,0.0,502.2,293.2649959064327,16070.4,9384.479869005847,0.0,0.0
snn_sra,95,950,0,1.8,1.0,0.0,1073.0,1158.5966018938602,34336.0,37075.09126060353,0.0,0.0
snn_sra,96,960,0,1.8,1.0,0.0,1994.8,501.99744069467124,63833.6,16063.91810222948,0.0,0.0
snn_sra,97,970,0,1.8,1.0,0.0,866.6,272.20554516027033,27731.2,8710.57744512865,0.0,0.0
snn_sra,98,980,0,1.8,1.0,0.0,501.6,282.25810219726196,16051.2,9032.259270312383,0.0,0.0
snn_sra,99,990,0,1.8,1.0,0.0,1052.8,1168.3742977933055,33689.6,37387.977529385775,0.0,0.0
snn_sra,100,1000,0,1.8,1.0,0.0,1873.0,557.7724044805373,59936.0,17848.716943377192,0.0,0.0
snn_sra,101,1010,0,1.8,1.0,0.0,884.6,473.3440985329806,28307.2,15147.011153055379,0.0,0.0
snn_sra,102,1020,0,1.8,1.0,0.0,642.6,237.57156685091755,20563.2,7602.290139229362,0.0,0.0
snn_sra,103,1030,0,1.8,1.0,0.0,1108.4,1144.5672696071647,35468.8,36626.15262742927,0.0,0.0
snn_sra,104,1040,0,1.8,1.0,0.0,1779.2,514.767946228201,56934.4,16472.574279302433,0.0,0.0
snn_sra,105,1050,0,1.8,1.0,0.0,915.4,238.6259552018598,29292.8,7636.0305664595135,0.0,0.0
snn_sra,106,1060,0,1.8,1.0,0.0,594.8,268.72550676108136,19033.6,8599.216216354604,0.0,0.0
snn_sra,107,1070,0,1.8,1.0,0.0,1194.6,1074.7465865849492,38227.2,34391.890770718375,0.0,0.0
snn_sra,108,1080,0,1.8,1.0,0.0,1801.2,562.4019778628094,57638.4,17996.8632916099,0.0,0.0
snn_sra,109,1090,0,1.8,1.0,0.0,819.4,330.864371632849,26220.8,10587.659892251168,0.0,0.0
snn_sra,110,1100,0,1.8,1.0,0.0,635.8,323.2921226135892,20345.6,10345.347923634854,0.0,0.0
snn_sra,111,1110,0,1.8,1.0,0.0,1057.4,1164.6175192637281,33836.8,37267.7606164393,0.0,0.0
snn_sra,112,1120,0,1.8,1.0,0.0,1789.2,533.3294338624111,57254.4,17066.541883597154,0.0,0.0
snn_sra,113,1130,0,1.8,1.0,0.0,945.2,412.532929381401,30246.4,13201.053740204832,0.0,0.0
snn_sra,114,1140,0,1.8,1.0,0.0,498.4,288.8488115537261,15948.8,9243.161969719235,0.0,0.0
snn_sra,115,1150,0,1.8,1.0,0.0,1146.4,1148.9522006141071,36684.8,36766.47041965143,0.0,0.0
snn_sra,116,1160,0,1.8,1.0,0.0,1835.0,620.439849784006,58720.0,19854.075193088192,0.0,0.0
snn_sra,117,1170,0,1.8,1.0,0.0,802.2,353.1832984499692,25670.4,11301.865550399014,0.0,0.0
snn_sra,118,1180,0,1.8,1.0,0.0,505.0,296.5966397651868,16160.0,9491.092472485978,0.0,0.0
snn_sra,119,1190,0,1.8,1.0,0.0,1293.2,1028.5168679141825,41382.4,32912.53977325384,0.0,0.0
snn_sra,120,1200,0,1.8,1.0,0.0,1866.4,585.1939672416319,59724.8,18726.20695173222,0.0,0.0
snn_sra,121,1210,0,1.8,1.0,0.0,817.2,331.80745004294283,26150.4,10617.83840137417,0.0,0.0
snn_sra,122,1220,0,1.8,1.0,0.0,524.4,321.310063981818,16780.8,10281.922047418177,0.0,0.0
snn_sra,123,1230,0,1.8,1.0,0.0,1113.8,1140.3372643143778,35641.6,36490.79245806009,0.0,0.0
snn_sra,124,1240,0,1.8,1.0,0.0,1781.4,543.4739657573305,57004.8,17391.166904234575,0.0,0.0
snn_sra,125,1250,0,1.8,1.0,0.0,1021.4,529.9666032647717,32684.8,16958.931304472695,0.0,0.0
snn_sra,126,1260,0,1.8,1.0,0.0,522.0,315.3852559648278,16704.0,10092.32819087449,0.0,0.0
snn_sra,127,1270,0,1.8,1.0,0.0,1052.0,1167.4649140081256,33664.0,37358.87724826002,0.0,0.0
snn_sra,128,1280,0,1.8,1.0,0.0,1779.2,539.7280581033378,56934.4,17271.29785930681,0.0,0.0
snn_sra,129,1290,0,1.8,1.0,0.0,861.0,274.85881641308146,27552.0,8795.482125218607,0.0,0.0
snn_sra,130,1300,0,1.8,1.0,0.0,588.6,252.35150329649315,18835.2,8075.248105487781,0.0,0.0
snn_sra,131,1310,0,1.8,1.0,0.0,1184.2,1081.8527826945772,37894.4,34619.28904622647,0.0,0.0
snn_sra,132,1320,0,1.8,1.0,0.0,1784.2,542.7711752700211,57094.4,17368.677608640675,0.0,0.0
snn_sra,133,1330,0,1.8,1.0,0.0,801.4,347.6310723971607,25644.8,11124.194316709143,0.0,0.0
snn_sra,134,1340,0,1.8,1.0,0.0,624.8,466.45998780602827,19993.6,14926.719609792905,0.0,0.0
snn_sra,135,1350,0,1.8,1.0,0.0,1144.2,1159.6411514188344,36614.4,37108.5168454027,0.0,0.0
snn_sra,136,1360,0,1.8,1.0,0.0,1971.2,579.0260648226468,63078.4,18528.8340743247,0.0,0.0
snn_sra,137,1370,0,1.8,1.0,0.0,808.0,332.1052132081037,25856.0,10627.366822659318,0.0,0.0
snn_sra,138,1380,0,1.8,1.0,0.0,505.2,289.06338886825495,16166.4,9250.028443784158,0.0,0.0
snn_sra,139,1390,0,1.8,1.0,0.0,1238.6,1125.6535448955865,39635.2,36020.91343665877,0.0,0.0
ospf_te,0,0,0,0.0,0.0259999999999998,0.0033233416917313567,0.0,0.0,0.0,0.0,0.0,0.0
ospf_te,1,10,0,0.0,0.24099999999999772,0.013472772543170019,3976.6,817.915914172111,127251.2,26173.309253507552,2816.0,178.93844662341294
ospf_te,2,20,0,0.0,0.4699999999999965,0.032760448714875906,6313.4,1337.2415973547936,202028.8,42791.731115353396,1536.4,330.867854854472
ospf_te,3,30,0,0.0,0.6789999999999978,0.06136944353666613,8946.8,1481.2140809160571,286297.6,47398.85058931383,2117.6,359.24164114979766
ospf_te,4,40,0,0.0,0.8254999999999988,0.054153313841352704,10887.0,881.2136894987502,348384.0,28198.838063960007,2276.2,120.70704198181643
ospf_te,5,50,0,0.0,0.9164999999999994,0.03473820087454176,11731.2,1017.3492103225911,375398.4,32555.174730322917,1958.6,159.68960922990576
ospf_te,6,60,0,0.0,0.9679999999999997,0.009348604173886136,10762.4,1370.0243815991012,344396.8,43840.78021117124,1625.6,425.96107814681847
ospf_te,7,70,0,0.0,0.99,0.006929646455628218,11511.0,1314.1660416857528,368352.0,42053.31333394409,440.8,90.79984264303545
ospf_te,8,80,0,0.0,0.9974999999999999,0.0021913466179497958,12134.2,1246.2580124773522,388294.4,39880.25639927527,273.6,82.66832970370211
ospf_te,9,90,0,0.0,0.9995,0.0009800000000000227,12214.8,691.7579473081606,390873.6,22136.25431386114,174.6,72.68297363206874
ospf_te,10,100,0,0.0,0.9995,0.0009800000000000227,12177.0,987.5091946103591,389664.0,31600.294227531493,94.0,31.039865979092113
ospf_te,11,110,0,0.0,1.0,0.0,10949.4,1339.5788589911383,350380.8,42866.523487716426,42.0,28.81266665895401
ospf_te,12,120,0,0.0,1.0,0.0,11563.2,1275.9513290027953,370022.4,40830.44252808945,4.2,3.244377290020382
ospf_te,13,130,0,0.0,1.0,0.0,12137.4,1244.8841829889236,388396.8,39836.293855645556,1.4,2.2857331427793577
ospf_te,14,140,0,0.0,1.0,0.0,12216.6,690.4116623116964,390931.2,22093.173193974286,2.0,1.639853652006788
ospf_te,15,150,0,0.0,1.0,0.0,12177.0,987.5091946103591,389664.0,31600.294227531493,0.4,0.784
ospf_te,16,160,0,0.0,1.0,0.0,10949.4,1339.5788589911383,350380.8,42866.523487716426,0.2,0.392
ospf_te,17,170,0,0.0,1.0,0.0,11563.2,1275.9513290027953,370022.4,40830.44252808945,0.0,0.0
ospf_te,18,180,0,0.0,1.0,0.0,12137.4,1244.8841829889236,388396.8,39836.293855645556,0.0,0.0
ospf_te,19,190,0,0.0,1.0,0.0,12216.6,690.4116623116964,390931.2,22093.173193974286,0.0,0.0
ospf_te,20,200,0,0.0,1.0,0.0,12177.0,987.5091946103591,389664.0,31600.294227531493,0.0,0.0
ospf_te,21,210,0,0.0,1.0,0.0,10949.4,1339.5788589911383,350380.8,42866.523487716426,0.0,0.0
ospf_te,22,220,0,0.0,1.0,0.0,11563.2,1275.9513290027953,370022.4,40830.44252808945,0.0,0.0
ospf_te,23,230,0,0.0,1.0,0.0,12137.4,1244.8841829889236,388396.8,39836.293855645556,0.0,0.0
ospf_te,24,240,0,0.0,1.0,0.0,12216.6,690.4116623116964,390931.2,22093.173193974286,0.0,0.0
ospf_te,25,250,0,0.0,1.0,0.0,12177.0,987.5091946103591,389664.0,31600.294227531493,0.0,0.0
ospf_te,26,260,0,0.0,1.0,0.0,10949.4,1339.5788589911383,350380.8,42866.523487716426,0.0,0.0
ospf_te,27,270,0,0.0,1.0,0.0,11563.2,1275.9513290027953,370022.4,40830.44252808945,0.0,0.0
ospf_te,28,280,0,0.0,1.0,0.0,12137.4,1244.8841829889236,388396.8,39836.293855645556,0.0,0.0
ospf_te,29,290,0,0.0,1.0,0.0,12216.6,690.4116623116964,390931.2,22093.173193974286,0.0,0.0
ospf_te,30,300,0,0.0,1.0,0.0,12177.0,987.5091946103591,389664.0,31600.294227531493,0.0,0.0
ospf_te,31,310,0,0.0,1.0,0.0,10949.4,1339.5788589911383,350380.8,42866.523487716426,0.0,0.0
ospf_te,32,320,0,0.0,1.0,0.0,11563.2,1275.9513290027953,370022.4,40830.44252808945,0.0,0.0
ospf_te,33,330,0,0.0,1.0,0.0,12137.4,1244.8841829889236,388396.8,39836.293855645556,0.0,0.0
ospf_te,34,340,0,0.0,1.0,0.0,12216.6,690.4116623116964,390931.2,22093.173193974286,0.0,0.0
ospf_te,35,350,0,0.0,1.0,0.0,12177.0,987.5091946103591,389664.0,31600.294227531493,0.0,0.0
ospf_te,36,360,0,0.0,1.0,0.0,10949.4,1339.5788589911383,350380.8,42866.523487716426,0.0,0.0
ospf_te,37,370,0,0.0,1.0,0.0,11563.2,1275.9513290027953,370022.4,40830.44252808945,0.0,0.0
ospf_te,38,380,0,0.0,1.0,0.0,12137.4,1244.8841829889236,388396.8,39836.293855645556,0.0,0.0
ospf_te,39,390,0,0.0,1.0,0.0,12216.6,690.4116623116964,390931.2,22093.173193974286,0.0,0.0
ospf_te,40,400,1,0.0,0.8924530981794326,0.08832704703159999,12177.0,987.5091946103591,389664.0,31600.294227531493,0.0,0.0
ospf_te,41,410,1,0.3527999999999999,0.8577377088638972,0.11993266615396275,10949.4,1339.5788589911383,350380.8,42866.523487716426,70.2,93.367619569099
ospf_te,42,420,1,0.6599999999999999,0.9638022562538608,0.022861673579502206,11563.2,1275.9513290027953,370022.4,40830.44252808945,225.6,116.7979113511881
ospf_te,43,430,1,0.6503999999999998,0.9718483369078033,0.02480617646059106,12137.4,1244.8841829889236,388396.8,39836.293855645556,126.4,83.2217938763639
ospf_te,44,440,1,0.6575999999999999,0.9731692159434292,0.017284068678177094,12216.6,690.4116623116964,390931.2,22093.173193974286,140.0,95.32937091998457
ospf_te,45,450,1,0.6575999999999997,0.966043640898798,0.02316704412664415,12177.0,987.5091946103591,389664.0,31600.294227531493,115.0,91.09256830279844
ospf_te,46,460,1,0.5879999999999994,0.9676664161173859,0.02466557644072684,10949.4,1339.5788589911383,350380.8,42866.523487716426,96.0,71.69689644608056
ospf_te,47,470,1,0.6167999999999995,0.9811269143543541,0.023821974254539555,11563.2,1275.9513290027953,370022.4,40830.44252808945,115.4,63.89299379431205
ospf_te,48,480,1,0.5519999999999994,0.9934833341666511,0.0055041086697589486,12137.4,1244.8841829889236,388396.8,39836.293855645556,101.6,83.9479692190347
ospf_te,49,490,1,0.35279999999999945,0.9972629283965645,0.0020178287927515707,12216.6,690.4116623116964,390931.2,22093.173193974286,114.0,102.13650082120495
ospf_te,50,500,1,0.14879999999999952,0.9996646942800789,0.000657199211045329,12177.0,987.5091946103591,389664.0,31600.294227531493,72.2,41.31557265729231
ospf_te,51,510,1,0.10320000000000003,0.9995065312046444,0.0009671988388969117,10949.4,1339.5788589911383,350380.8,42866.523487716426,62.2,29.041089235770755
ospf_te,52,520,1,0.10320000000000003,0.9795898284460292,0.013005086295658407,11563.2,1275.9513290027953,370022.4,40830.44252808945,133.4,42.467370250581794
ospf_te,53,530,1,0.13919999999999982,0.9738129760811145,0.01566562322306119,12137.4,1244.8841829889236,388396.8,39836.293855645556,115.2,117.24732450678779
ospf_te,54,540,1,0.2639999999999996,0.9664998951913379,0.018491088002140426,12216.6,690.4116623116964,390931.2,22093.173193974286,141.8,72.46276660465013
ospf_te,55,550,1,0.3599999999999995,0.9605648116124916,0.02161275199963876,12177.0,987.5091946103591,389664.0,31600.294227531493,68.6,14.99880315225185
ospf_te,56,560,1,0.4847999999999993,0.9599444666220457,0.01983460905177932,10949.4,1339.5788589911383,350380.8,42866.523487716426,94.6,97.89331793335027
ospf_te,57,570,1,0.5303999999999991,0.9715937962517197,0.01267109635409682,11563.2,1275.9513290027953,370022.4,40830.44252808945,184.4,56.577836791450416
ospf_te,58,580,1,0.41999999999999893,0.9717363253197384,0.02111360117578869,12137.4,1244.8841829889236,388396.8,39836.293855645556,82.2,37.90662295694513
ospf_te,59,590,1,0.2855999999999992,0.9739557075306449,0.018380175338205386,12216.6,690.4116623116964,390931.2,22093.173193974286,170.6,102.59734156399959
ospf_te,60,600,1,0.28799999999999903,0.9755298192622558,0.018058110372927556,12177.0,987.5091946103591,389664.0,31600.294227531493,79.8,30.930762421899654
ospf_te,61,610,1,0.29039999999999894,0.9739400535800751,0.022536922407223575,10949.4,1339.5788589911383,350380.8,42866.523487716426,89.8,67.01767098310714
ospf_te,62,620,1,0.29759999999999914,0.9914934578068669,0.008360923927142298,11563.2,1275.9513290027953,370022.4,40830.44252808945,131.4,73.02834803006296
ospf_te,63,630,1,0.14879999999999943,0.9944854433215651,0.005892478864755427,12137.4,1244.8841829889236,388396.8,39836.293855645556,110.6,73.82360229628462
ospf_te,64,640,1,0.07679999999999935,0.9961392307506098,0.006578461052830755,12216.6,690.4116623116964,390931.2,22093.173193974286,136.0,114.12014791438013
ospf_te,65,650,1,0.059999999999999706,0.9949532889909836,0.005854568911061793,12177.0,987.5091946103591,389664.0,31600.294227531493,40.2,17.817682902105986
ospf_te,66,660,1,0.05759999999999964,0.9898970345826272,0.009253020239447516,10949.4,1339.5788589911383,350380.8,42866.523487716426,61.6,34.54051673035596
ospf_te,67,670,1,0.08399999999999966,0.9841178566570281,0.013818212984907288,11563.2,1275.9513290027953,370022.4,40830.44252808945,127.4,85.38179346909972
ospf_te,68,680,1,0.07919999999999947,0.9851130396748026,0.013303315814261005,12137.4,1244.8841829889236,388396.8,39836.293855645556,134.6,119.07157282911818
ospf_te,69,690,1,0.07439999999999952,0.9800609401729563,0.01862779156699315,12216.6,690.4116623116964,390931.2,22093.173193974286,155.4,116.5608555905455
ospf_te,70,700,1,0.10079999999999978,0.9759430911603231,0.02355298156740676,12177.0,987.5091946103591,389664.0,31600.294227531493,45.0,19.688002438033166
ospf_te,71,710,0,0.15839999999999968,0.9989561403508773,0.002045964912280628,10949.4,1339.5788589911383,350380.8,42866.523487716426,54.4,21.813311898929975
ospf_te,72,720,0,0.016799999999999836,1.0,0.0,11563.2,1275.9513290027953,370022.4,40830.44252808945,98.0,16.688798638607874
ospf_te,73,730,0,0.0,1.0,0.0,12137.4,1244.8841829889236,388396.8,39836.293855645556,80.4,81.34023614423553
ospf_te,74,740,0,0.0,1.0,0.0,12216.6,690.4116623116964,390931.2,22093.173193974286,72.8,39.81454287066473
ospf_te,75,750,0,0.0,1.0,0.0,12177.0,987.5091946103591,389664.0,31600.294227531493,26.0,23.82831257139288
ospf_te,76,760,0,0.0,1.0,0.0,10949.4,1339.5788589911383,350380.8,42866.523487716426,21.2,10.135303843496748
ospf_te,77,770,0,0.0,1.0,0.0,11563.2,1275.9513290027953,370022.4,40830.44252808945,98.2,64.77614672084161
ospf_te,78,780,0,0.0,1.0,0.0,12137.4,1244.8841829889236,388396.8,39836.293855645556,47.6,61.08977603494713
ospf_te,79,790,0,0.0,1.0,0.0,12216.6,690.4116623116964,390931.2,22093.173193974286,15.0,11.000472717115386
ospf_te,80,800,0,0.0,1.0,0.0,12177.0,987.5091946103591,389664.0,31600.294227531493,5.0,3.8706898609937737
ospf_te,81,810,0,0.0,1.0,0.0,10949.4,1339.5788589911383,350380.8,42866.523487716426,4.6,3.4285997141690365
ospf_te,82,820,0,0.0,1.0,0.0,11563.2,1275.9513290027953,370022.4,40830.44252808945,9.6,10.817353465612557
ospf_te,83,830,0,0.0,1.0,0.0,12137.4,1244.8841829889236,388396.8,39836.293855645556,3.2,4.935153898309555
ospf_te,84,840,0,0.0,1.0,0.0,12216.6,690.4116623116964,390931.2,22093.173193974286,0.2,0.392
ospf_te,85,850,0,0.0,1.0,0.0,12177.0,987.5091946103591,389664.0,31600.294227531493,0.0,0.0
ospf_te,86,860,0,0.0,1.0,0.0,10949.4,1339.5788589911383,350380.8,42866.523487716426,0.0,0.0
ospf_te,87,870,0,0.0,1.0,0.0,11563.2,1275.9513290027953,370022.4,40830.44252808945,0.2,0.392
ospf_te,88,880,0,0.0,1.0,0.0,12137.4,1244.8841829889236,388396.8,39836.293855645556,0.0,0.0
ospf_te,89,890,0,0.0,1.0,0.0,12216.6,690.4116623116964,390931.2,22093.173193974286,0.0,0.0
ospf_te,90,900,0,0.0,1.0,0.0,12177.0,987.5091946103591,389664.0,31600.294227531493,0.0,0.0
ospf_te,91,910,0,0.0,1.0,0.0,10949.4,1339.5788589911383,350380.8,42866.523487716426,0.0,0.0
ospf_te,92,920,0,0.0,1.0,0.0,11563.2,1275.9513290027953,370022.4,40830.44252808945,0.0,0.0
ospf_te,93,930,0,0.0,1.0,0.0,12137.4,1244.8841829889236,388396.8,39836.293855645556,0.0,0.0
ospf_te,94,940,0,0.0,1.0,0.0,12216.6,690.4116623116964,390931.2,22093.173193974286,0.0,0.0
ospf_te,95,950,0,0.0,1.0,0.0,12177.0,987.5091946103591,389664.0,31600.294227531493,0.0,0.0
ospf_te,96,960,0,0.0,1.0,0.0,10949.4,1339.5788589911383,350380.8,42866.523487716426,0.0,0.0
ospf_te,97,970,0,0.0,1.0,0.0,11563.2,1275.9513290027953,370022.4,40830.44252808945,0.0,0.0
ospf_te,98,980,0,0.0,1.0,0.0,12137.4,1244.8841829889236,388396.8,39836.293855645556,0.0,0.0
ospf_te,99,990,0,0.0,1.0,0.0,12216.6,690.4116623116964,390931.2,22093.173193974286,0.0,0.0
ospf_te,100,1000,0,0.0,1.0,0.0,12177.0,987.5091946103591,389664.0,31600.294227531493,0.0,0.0
ospf_te,101,1010,0,0.0,1.0,0.0,10949.4,1339.5788589911383,350380.8,42866.523487716426,0.0,0.0
ospf_te,102,1020,0,0.0,1.0,0.0,11563.2,1275.9513290027953,370022.4,40830.44252808945,0.0,0.0
ospf_te,103,1030,0,0.0,1.0,0.0,12137.4,1244.8841829889236,388396.8,39836.293855645556,0.0,0.0
ospf_te,104,1040,0,0.0,1.0,0.0,12216.6,690.4116623116964,390931.2,22093.173193974286,0.0,0.0
ospf_te,105,1050,0,0.0,1.0,0.0,12177.0,987.5091946103591,389664.0,31600.294227531493,0.0,0.0
ospf_te,106,1060,0,0.0,1.0,0.0,10949.4,1339.5788589911383,350380.8,42866.523487716426,0.0,0.0
ospf_te,107,1070,0,0.0,1.0,0.0,11563.2,1275.9513290027953,370022.4,40830.44252808945,0.0,0.0
ospf_te,108,1080,0,0.0,1.0,0.0,12137.4,1244.8841829889236,388396.8,39836.293855645556,0.0,0.0
ospf_te,109,1090,0,0.0,1.0,0.0,12216.6,690.4116623116964,390931.2,22093.173193974286,0.0,0.0
ospf_te,110,1100,0,0.0,1.0,0.0,12177.0,987.5091946103591,389664.0,31600.294227531493,0.0,0.0
ospf_te,111,1110,0,0.0,1.0,0.0,10949.4,1339.5788589911383,350380.8,42866.523487716426,0.0,0.0
ospf_te,112,1120,0,0.0,1.0,0.0,11563.2,1275.9513290027953,370022.4,40830.44252808945,0.0,0.0
ospf_te,113,1130,0,0.0,1.0,0.0,12137.4,1244.8841829889236,388396.8,39836.293855645556,0.0,0.0
ospf_te,114,1140,0,0.0,1.0,0.0,12216.6,690.4116623116964,390931.2,22093.173193974286,0.0,0.0
ospf_te,115,1150,0,0.0,1.0,0.0,12177.0,987.5091946103591,389664.0,31600.294227531493,0.0,0.0
ospf_te,116,1160,0,0.0,1.0,0.0,10949.4,1339.5788589911383,350380.8,42866.523487716426,0.0,0.0
ospf_te,117,1170,0,0.0,1.0,0.0,11563.2,1275.9513290027953,370022.4,40830.44252808945,0.0,0.0
ospf_te,118,1180,0,0.0,1.0,0.0,12137.4,1244.8841829889236,388396.8,39836.293855645556,0.0,0.0
ospf_te,119,1190,0,0.0,1.0,0.0,12216.6,690.4116623116964,390931.2,22093.173193974286,0.0,0.0
ospf_te,120,1200,0,0.0,1.0,0.0,12177.0,987.5091946103591,389664.0,31600.294227531493,0.0,0.0
ospf_te,121,1210,0,0.0,1.0,0.0,10949.4,1339.5788589911383,350380.8,42866.523487716426,0.0,0.0
ospf_te,122,1220,0,0.0,1.0,0.0,11563.2,1275.9513290027953,370022.4,40830.44252808945,0.0,0.0
ospf_te,123,1230,0,0.0,1.0,0.0,12137.4,1244.8841829889236,388396.8,39836.293855645556,0.0,0.0
ospf_te,124,1240,0,0.0,1.0,0.0,12216.6,690.4116623116964,390931.2,22093.173193974286,0.0,0.0
ospf_te,125,1250,0,0.0,1.0,0.0,12177.0,987.5091946103591,389664.0,31600.294227531493,0.0,0.0
ospf_te,126,1260,0,0.0,1.0,0.0,10949.4,1339.5788589911383,350380.8,42866.523487716426,0.0,0.0
ospf_te,127,1270,0,0.0,1.0,0.0,11563.2,1275.9513290027953,370022.4,40830.44252808945,0.0,0.0
ospf_te,128,1280,0,0.0,1.0,0.0,12137.4,1244.8841829889236,388396.8,39836.293855645556,0.0,0.0
ospf_te,129,1290,0,0.0,1.0,0.0,12216.6,690.4116623116964,390931.2,22093.173193974286,0.0,0.0
ospf_te,130,1300,0,0.0,1.0,0.0,12177.0,987.5091946103591,389664.0,31600.294227531493,0.0,0.0
ospf_te,131,1310,0,0.0,1.0,0.0,10949.4,1339.5788589911383,350380.8,42866.523487716426,0.0,0.0
ospf_te,132,1320,0,0.0,1.0,0.0,11563.2,1275.9513290027953,370022.4,40830.44252808945,0.0,0.0
ospf_te,133,1330,0,0.0,1.0,0.0,12137.4,1244.8841829889236,388396.8,39836.293855645556,0.0,0.0
ospf_te,134,1340,0,0.0,1.0,0.0,12216.6,690.4116623116964,390931.2,22093.173193974286,0.0,0.0
ospf_te,135,1350,0,0.0,1.0,0.0,12177.0,987.5091946103591,389664.0,31600.294227531493,0.0,0.0
ospf_te,136,1360,0,0.0,1.0,0.0,10949.4,1339.5788589911383,350380.8,42866.523487716426,0.0,0.0
ospf_te,137,1370,0,0.0,1.0,0.0,11563.2,1275.9513290027953,370022.4,40830.44252808945,0.0,0.0
ospf_te,138,1380,0,0.0,1.0,0.0,12137.4,1244.8841829889236,388396.8,39836.293855645556,0.0,0.0
ospf_te,139,1390,0,0.0,1.0,0.0,12216.6,690.4116623116964,390931.2,22093.173193974286,0.0,0.0
triggered_te,0,0,0,0.0,0.0259999999999998,0.0033233416917313567,0.0,0.0,0.0,0.0,0.0,0.0
triggered_te,1,10,0,0.0,0.24099999999999772,0.013472772543170019,22548.4,2171.161776435832,721548.8,69477.17684594663,2816.0,178.93844662341294
triggered_te,2,20,0,0.0,0.7899999999999986,0.03433498216105574,38696.4,1807.0048410162046,1238284.8,57824.15491251855,5082.8,131.55440571869875
triggered_te,3,30,0,0.0,0.9904999999999999,0.007961557636543295,19005.8,654.6216320776452,608185.6,20947.892226484648,1616.6,225.80067691661154
triggered_te,4,40,0,0.0,1.0,0.0,24751.2,2095.535940933488,792038.4,67057.15010987161,351.2,61.75524256287883
triggered_te,5,50,0,0.0,1.0,0.0,31410.0,1795.9912187313164,1005120.0,57471.718999402125,891.8,66.60078846380124
triggered_te,6,60,0,0.0,1.0,0.0,20953.2,806.666187455505,670502.4,25813.31799857616,487.0,48.33298004468584
triggered_te,7,70,0,0.0,1.0,0.0,16145.0,348.0680777089447,516640.0,11138.17848668623,70.8,37.504178753840215
triggered_te,8,80,0,0.0,1.0,0.0,11358.4,417.7111791848525,363468.8,13366.75773391528,19.0,10.278326712067486
triggered_te,9,90,0,0.0,1.0,0.0,9355.4,468.57267075236047,299372.8,14994.325464075535,6.8,8.529941617619667
triggered_te,10,100,0,0.0,1.0,0.0,10700.2,592.4715284838588,342406.4,18959.088911483483,1.4,1.8176292251171577
triggered_te,11,110,0,0.0,1.0,0.0,10241.2,956.2268132111753,327718.4,30599.25802275761,0.2,0.392
triggered_te,12,120,0,0.0,1.0,0.0,9650.8,1026.3940816197257,308825.6,32844.610611831224,0.8,1.568
triggered_te,13,130,0,0.0,1.0,0.0,9907.4,509.1092359955769,317036.8,16291.495551858461,0.0,0.0
triggered_te,14,140,0,0.0,1.0,0.0,9721.8,263.2086619851254,311097.6,8422.677183524012,0.0,0.0
triggered_te,15,150,0,0.0,1.0,0.0,8929.8,456.71591790083244,285753.6,14614.909372826638,0.0,0.0
triggered_te,16,160,0,0.0,1.0,0.0,10632.6,633.5339140535414,340243.2,20273.085249713324,0.0,0.0
triggered_te,17,170,0,0.0,1.0,0.0,10216.8,963.1892297072262,326937.6,30822.05535063124,0.0,0.0
triggered_te,18,180,0,0.0,1.0,0.0,9642.6,1029.692598912899,308563.2,32950.16316521277,0.0,0.0
triggered_te,19,190,0,0.0,1.0,0.0,9900.0,517.0355919663558,316800.0,16545.138942923386,0.0,0.0
triggered_te,20,200,0,0.0,1.0,0.0,9721.8,263.2086619851254,311097.6,8422.677183524012,0.0,0.0
triggered_te,21,210,0,0.0,1.0,0.0,8929.8,456.71591790083244,285753.6,14614.909372826638,0.0,0.0
triggered_te,22,220,0,0.0,1.0,0.0,10632.6,633.5339140535414,340243.2,20273.085249713324,0.0,0.0
triggered_te,23,230,0,0.0,1.0,0.0,10216.8,963.1892297072262,326937.6,30822.05535063124,0.0,0.0
triggered_te,24,240,0,0.0,1.0,0.0,9642.6,1029.692598912899,308563.2,32950.16316521277,0.0,0.0
triggered_te,25,250,0,0.0,1.0,0.0,9900.0,517.0355919663558,316800.0,16545.138942923386,0.0,0.0
triggered_te,26,260,0,0.0,1.0,0.0,9721.8,263.2086619851254,311097.6,8422.677183524012,0.0,0.0
triggered_te,27,270,0,0.0,1.0,0.0,8929.8,456.71591790083244,285753.6,14614.909372826638,0.0,0.0
triggered_te,28,280,0,0.0,1.0,0.0,10632.6,633.5339140535414,340243.2,20273.085249713324,0.0,0.0
triggered_te,29,290,0,0.0,1.0,0.0,10216.8,963.1892297072262,326937.6,30822.05535063124,0.0,0.0
triggered_te,30,300,0,0.0,1.0,0.0,9642.6,1029.692598912899,308563.2,32950.16316521277,0.0,0.0
triggered_te,31,310,0,0.0,1.0,0.0,9900.0,517.0355919663558,316800.0,16545.138942923386,0.0,0.0
triggered_te,32,320,0,0.0,1.0,0.0,9721.8,263.2086619851254,311097.6,8422.677183524012,0.0,0.0
triggered_te,33,330,0,0.0,1.0,0.0,8929.8,456.71591790083244,285753.6,14614.909372826638,0.0,0.0
triggered_te,34,340,0,0.0,1.0,0.0,10632.6,633.5339140535414,340243.2,20273.085249713324,0.0,0.0
triggered_te,35,350,0,0.0,1.0,0.0,10216.8,963.1892297072262,326937.6,30822.05535063124,0.0,0.0
triggered_te,36,360,0,0.0,1.0,0.0,9642.6,1029.692598912899,308563.2,32950.16316521277,0.0,0.0
triggered_te,37,370,0,0.0,1.0,0.0,9900.0,517.0355919663558,316800.0,16545.138942923386,0.0,0.0
triggered_te,38,380,0,0.0,1.0,0.0,9721.8,263.2086619851254,311097.6,8422.677183524012,0.0,0.0
triggered_te,39,390,0,0.0,1.0,0.0,8929.8,456.71591790083244,285753.6,14614.909372826638,0.0,0.0
triggered_te,40,400,1,0.0,0.8969748915210027,0.0686522492239521,10632.6,633.5339140535414,340243.2,20273.085249713324,0.0,0.0
triggered_te,41,410,1,0.48240000000000016,0.8902410369295636,0.05545021452235879,11276.6,1376.2782536449522,360851.2,44040.90411663847,25.4,23.913606503411398
triggered_te,42,420,1,0.8856000000000002,0.9103087892324131,0.05009513752356355,10860.2,792.9381968753931,347526.4,25374.02230001258,53.4,45.00579980402526
triggered_te,43,430,1,1.1135999999999997,0.9121972852661007,0.04717365243432476,10969.0,714.4572363409862,351008.0,22862.63156291156,26.6,23.23736852571736
triggered_te,44,440,1,1.2743999999999995,0.952319898200944,0.04474528477693503,11050.0,969.2805420929483,353600.0,31016.977346974345,60.2,38.35495149260392
triggered_te,45,450,1,1.1279999999999997,0.9546631344684819,0.04824050533766997,9955.4,724.5578421741083,318572.8,23185.850949571464,18.0,18.049035431291056
triggered_te,46,460,1,0.9887999999999997,0.9573170795162735,0.050960073976800545,11636.8,980.6991570017789,372377.6,31382.373024056924,22.2,34.01263624007995
triggered_te,47,470,1,0.8759999999999997,0.9919060735904237,0.015056049725267227,11866.8,1673.530984590366,379737.6,53552.99150689171,119.2,98.13005769895379
triggered_te,48,480,1,0.8159999999999998,0.9891617036184375,0.02005593830037161,10392.4,874.7782360895816,332556.8,27992.90355486661,8.6,8.556920941553685
triggered_te,49,490,1,0.8159999999999998,0.9890093984346858,0.019997021541116024,11116.8,1068.3275542192105,355737.6,34186.481735014735,3.0,2.4004999479275146
triggered_te,50,500,1,0.8159999999999998,0.9888626316212523,0.01994431029345379,10969.4,1012.2574793085008,351020.8,32392.239337872026,3.8,2.9982234739925575
triggered_te,51,510,1,0.744,0.988721106479727,0.01989728841863779,9439.8,550.6663165874593,302073.6,17621.322130798697,5.6,10.024782092394826
triggered_te,52,520,1,0.744,0.9885845471326414,0.019855484857223545,11303.4,1059.4753847900386,361708.8,33903.212313281234,10.0,19.599999999999998
triggered_te,53,530,1,0.744,0.9884526967285587,0.019818469393328753,10753.4,933.1789507784667,344108.8,29861.726424910936,5.8,11.367999999999999
triggered_te,54,540,1,0.72,0.9883253158296992,0.019785848845671035,9896.6,961.0339107939949,316691.2,30753.085145407837,0.2,0.392
triggered_te,55,550,1,0.72,0.9882021809608016,0.019757263639375074,10166.8,618.4175525840126,325337.6,19789.361682688403,3.0,5.88
triggered_te,56,560,1,0.72,0.9880830833007204,0.019732384717894905,9816.4,310.09318511699024,314124.8,9922.981923743688,0.4,0.784
triggered_te,57,570,1,0.72,0.9879678275006416,0.01971091075906178,9073.6,525.8152899412493,290355.2,16826.089278119976,0.0,0.0
triggered_te,58,580,1,0.72,0.9878562306148513,0.019692565663343684,10889.2,749.9563958951213,348454.4,23998.604668643882,0.0,0.0
triggered_te,59,590,1,0.72,0.9877481211317418,0.01967709628597498,10328.4,882.045427274582,330508.8,28225.453672786625,0.0,0.0
triggered_te,60,600,1,0.72,0.9876433380942664,0.019664270387754104,9747.6,996.4611085717294,311923.2,31886.75547429534,0.0,0.0
triggered_te,61,610,1,0.72,0.9875417303003509,0.019653874782072128,9950.4,504.0892141040116,318412.8,16130.854851328371,0.0,0.0
triggered_te,62,620,1,0.72,0.9874431555749105,0.019645713658175086,9734.4,253.99180131649914,311500.8,8127.737642127972,0.0,0.0
triggered_te,63,630,1,0.72,0.9873474801061007,0.019639607062820134,8938.4,453.0736610486201,286028.8,14498.357153555844,0.0,0.0
triggered_te,64,640,1,0.72,0.9872545778392855,0.019635389524395832,10679.6,593.8446154475091,341747.2,19003.02769432029,0.2,0.392
triggered_te,65,650,1,0.72,0.9871643299229506,0.0196329088052701,10277.0,869.6003369824554,328864.0,27827.21078343857,0.0,0.0
triggered_te,66,660,1,0.72,0.987076624201442,0.019632024769633112,9730.2,1016.4198682355632,311366.4,32525.43578353802,0.0,0.0
triggered_te,67,670,1,0.72,0.9869913547499755,0.01963260835543807,9937.8,501.249221270218,318009.6,16039.975080646976,0.0,0.0
triggered_te,68,680,1,0.72,0.9869084214478641,0.019634540640231634,9733.6,252.10781427000626,311475.2,8067.4500566402,0.0,0.0
triggered_te,69,690,1,0.72,0.9868277295863503,0.01963771199172372,8938.4,453.0736610486201,286028.8,14498.357153555844,0.0,0.0
triggered_te,70,700,1,0.72,0.9871480499066706,0.019632630946966382,10684.8,590.1733474700463,341913.6,18885.547119041483,1.0,1.9599999999999997
triggered_te,71,710,0,0.72,0.992,0.0156800000000001,10277.8,870.8422267575223,328889.6,27866.951256240714,0.2,0.392
triggered_te,72,720,0,0.72,0.992,0.0156800000000001,9708.6,1017.0197310652335,310675.2,32544.63139408747,0.0,0.0
triggered_te,73,730,0,0.72,0.992,0.0156800000000001,9943.2,499.5775865909118,318182.4,15986.482770909177,0.0,0.0
triggered_te,74,740,0,0.72,0.992,0.0156800000000001,9735.0,252.5192073486688,311520.0,8080.614635157402,0.0,0.0
triggered_te,75,750,0,0.72,0.992,0.0156800000000001,8961.8,438.5468355193091,286777.6,14033.498736617892,2.8,5.4879999999999995
triggered_te,76,760,0,0.72,0.992,0.0156800000000001,10685.2,597.9308879661594,341926.4,19133.7884149171,0.2,0.392
triggered_te,77,770,0,0.72,0.992,0.0156800000000001,10278.6,869.1146119678348,328915.2,27811.667582970713,0.0,0.0
triggered_te,78,780,0,0.72,0.992,0.0156800000000001,9687.0,1019.3790227388438,309984.0,32620.128727643,0.0,0.0
triggered_te,79,790,0,0.72,0.992,0.0156800000000001,9937.8,501.249221270218,318009.6,16039.975080646976,0.0,0.0
triggered_te,80,800,0,0.72,0.992,0.0156800000000001,9732.2,251.7256622277514,311430.4,8055.221191288045,0.0,0.0
triggered_te,81,810,0,0.72,0.992,0.0156800000000001,8947.4,445.597971557322,286316.8,14259.135089834304,0.2,0.392
triggered_te,82,820,0,0.72,0.992,0.0156800000000001,10638.0,629.4136498043239,340416.0,20141.236793738364,0.0,0.0
triggered_te,83,830,0,0.72,0.992,0.0156800000000001,10237.8,982.6802412504281,327609.6,31445.7677200137,2.6,4.185414674796274
triggered_te,84,840,0,0.72,0.992,0.0156800000000001,9649.6,1033.3713336531064,308787.2,33067.882676899404,0.6,1.176
triggered_te,85,850,0,0.72,0.992,0.0156800000000001,9906.2,513.2114691469784,316998.4,16422.76701270331,0.0,0.0
triggered_te,86,860,0,0.72,0.992,0.0156800000000001,9722.8,263.5047792811356,311129.6,8432.15293699634,0.0,0.0
triggered_te,87,870,0,0.72,0.992,0.0156800000000001,8939.2,450.83297792419756,286054.4,14426.655293574322,1.2,2.352
triggered_te,88,880,0,0.72,0.992,0.0156800000000001,10639.8,645.0405560458969,340473.6,20641.2977934687,1.2,2.352
triggered_te,89,890,0,0.72,0.992,0.0156800000000001,10218.4,962.846803149909,326988.8,30811.097700797087,0.0,0.0
triggered_te,90,900,0,0.72,0.992,0.0156800000000001,9647.2,1028.022223448501,308710.4,32896.711150352035,0.4,0.784
triggered_te,91,910,0,0.72,0.992,0.0156800000000001,9902.2,514.7201822194268,316870.4,16471.045831021656,0.0,0.0
triggered_te,92,920,0,0.72,0.992,0.0156800000000001,9723.6,261.1435037216128,311155.2,8356.592119091609,0.2,0.392
triggered_te,93,930,0,0.72,0.992,0.0156800000000001,8941.6,475.90422542356146,286131.2,15228.935213553967,0.2,0.392
triggered_te,94,940,0,0.72,0.992,0.0156800000000001,10636.6,634.5194187225478,340371.2,20304.62139912153,0.2,0.392
triggered_te,95,950,0,0.72,0.992,0.0156800000000001,10216.8,963.1892297072262,326937.6,30822.05535063124,0.0,0.0
triggered_te,96,960,0,0.72,0.992,0.0156800000000001,9694.6,1040.4036693207113,310227.2,33292.91741826276,7.2,9.963279781276846
triggered_te,97,970,0,0.72,0.9914999999999999,0.015464139161298405,9966.8,502.98175162126904,318937.6,16095.41605188061,6.2,9.4893152545376
triggered_te,98,980,0,0.72,0.9914999999999999,0.015464139161298405,9753.8,257.51625421320495,312121.6,8240.520134822558,3.4,4.365127260458737
triggered_te,99,990,0,0.72,0.9914999999999999,0.015464139161298405,8951.0,441.9150240487417,286432.0,14141.280769559735,1.8,2.3520000000000003
triggered_te,100,1000,0,0.72,0.9914999999999999,0.015464139161298405,10643.6,630.6668460098406,340595.2,20181.3390723149,1.4,2.7439999999999998
triggered_te,101,1010,0,0.72,0.9914999999999999,0.015464139161298405,10245.6,1004.5755479883032,327859.2,32146.417535625704,4.0,7.839999999999999
triggered_te,102,1020,0,0.72,0.9914999999999999,0.015464139161298405,9646.2,1029.0975100465455,308678.4,32931.120321489456,0.8,1.568
triggered_te,103,1030,0,0.72,0.9914999999999999,0.015464139161298405,9900.8,515.859712619623,316825.6,16507.510803827936,0.0,0.0
triggered_te,104,1040,0,0.72,0.9914999999999999,0.015464139161298405,9744.8,267.5514151410902,311833.6,8561.645284514887,2.0,3.4509361048851654
triggered_te,105,1050,0,0.72,0.9914999999999999,0.015464139161298405,8978.2,428.49984222167456,287302.4,13711.994951093586,4.0,7.359793475363285
triggered_te,106,1060,0,0.72,0.9914999999999999,0.015464139161298405,10663.6,641.214112333782,341235.2,20518.851594681026,1.6,2.2857331427793577
triggered_te,107,1070,0,0.72,0.9914999999999999,0.015464139161298405,10313.0,1041.7124342542907,330016.0,33334.7978961373,9.0,11.327375689011113
triggered_te,108,1080,0,0.72,0.992,0.0156800000000001,9677.4,1073.6760495866527,309676.8,34357.633586772885,5.2,7.265231173197448
triggered_te,109,1090,0,0.72,0.992,0.0156800000000001,9906.4,513.6256944663107,317004.8,16436.022222921943,0.0,0.0
triggered_te,110,1100,0,0.72,0.992,0.0156800000000001,9723.6,263.75192089537467,311155.2,8440.06146865199,0.0,0.0
triggered_te,111,1110,0,0.72,0.992,0.0156800000000001,8938.8,449.12423838399104,286041.6,14371.975628287713,0.2,0.392
triggered_te,112,1120,0,0.72,0.992,0.0156800000000001,10632.6,633.5339140535414,340243.2,20273.085249713324,0.0,0.0
triggered_te,113,1130,0,0.72,0.992,0.0156800000000001,10216.8,963.1892297072262,326937.6,30822.05535063124,0.0,0.0
triggered_te,114,1140,0,0.72,0.992,0.0156800000000001,9642.6,1029.692598912899,308563.2,32950.16316521277,0.0,0.0
triggered_te,115,1150,0,0.72,0.992,0.0156800000000001,9900.8,517.3321145105917,316825.6,16554.627664338936,0.2,0.392
triggered_te,116,1160,0,0.72,0.992,0.0156800000000001,9721.8,263.2086619851254,311097.6,8422.677183524012,0.0,0.0
triggered_te,117,1170,0,0.72,0.992,0.0156800000000001,8929.8,456.71591790083244,285753.6,14614.909372826638,0.0,0.0
triggered_te,118,1180,0,0.72,0.992,0.0156800000000001,10632.6,633.5339140535414,340243.2,20273.085249713324,0.0,0.0
triggered_te,119,1190,0,0.72,0.992,0.0156800000000001,10220.0,962.5144723275592,327040.0,30800.463114481896,0.4,0.784
triggered_te,120,1200,0,0.72,0.992,0.0156800000000001,9642.6,1029.692598912899,308563.2,32950.16316521277,0.0,0.0
triggered_te,121,1210,0,0.72,0.992,0.0156800000000001,9900.0,517.0355919663558,316800.0,16545.138942923386,0.0,0.0
triggered_te,122,1220,0,0.72,0.992,0.0156800000000001,9721.8,263.2086619851254,311097.6,8422.677183524012,0.0,0.0
triggered_te,123,1230,0,0.72,0.992,0.0156800000000001,8929.8,456.71591790083244,285753.6,14614.909372826638,0.0,0.0
triggered_te,124,1240,0,0.72,0.992,0.0156800000000001,10632.6,633.5339140535414,340243.2,20273.085249713324,0.0,0.0
triggered_te,125,1250,0,0.72,0.992,0.0156800000000001,10216.8,963.1892297072262,326937.6,30822.05535063124,0.0,0.0
triggered_te,126,1260,0,0.72,0.992,0.0156800000000001,9642.6,1029.692598912899,308563.2,32950.16316521277,0.0,0.0
triggered_te,127,1270,0,0.72,0.992,0.0156800000000001,9900.0,517.0355919663558,316800.0,16545.138942923386,0.0,0.0
triggered_te,128,1280,0,0.72,0.992,0.0156800000000001,9721.8,263.2086619851254,311097.6,8422.677183524012,0.0,0.0
triggered_te,129,1290,0,0.72,0.992,0.0156800000000001,8929.8,456.71591790083244,285753.6,14614.909372826638,0.0,0.0
triggered_te,130,1300,0,0.72,0.992,0.0156800000000001,10632.6,633.5339140535414,340243.2,20273.085249713324,0.0,0.0
triggered_te,131,1310,0,0.72,0.992,0.0156800000000001,10220.8,962.3520960978886,327065.6,30795.267075132437,0.0,0.0
triggered_te,132,1320,0,0.72,0.992,0.0156800000000001,9642.6,1029.692598912899,308563.2,32950.16316521277,0.0,0.0
triggered_te,133,1330,0,0.72,0.992,0.0156800000000001,9900.0,517.0355919663558,316800.0,16545.138942923386,0.0,0.0
triggered_te,134,1340,0,0.72,0.992,0.0156800000000001,9721.8,263.2086619851254,311097.6,8422.677183524012,0.0,0.0
triggered_te,135,1350,0,0.72,0.992,0.0156800000000001,8933.2,454.49412148453575,285862.4,14543.811887505144,0.6,1.176
triggered_te,136,1360,0,0.72,0.992,0.0156800000000001,10632.6,633.5339140535414,340243.2,20273.085249713324,0.0,0.0
triggered_te,137,1370,0,0.72,0.992,0.0156800000000001,10216.8,963.1892297072262,326937.6,30822.05535063124,0.0,0.0
triggered_te,138,1380,0,0.72,0.992,0.0156800000000001,9642.6,1029.692598912899,308563.2,32950.16316521277,0.0,0.0
triggered_te,139,1390,0,0.72,0.992,0.0156800000000001,9900.0,517.0355919663558,316800.0,16545.138942923386,0.0,0.0
te_ecmp,0,0,0,0.0,0.0259999999999998,0.0033233416917313567,0.0,0.0,0.0,0.0,0.0,0.0
te_ecmp,1,10,0,0.0,0.24099999999999783,0.013472772543170012,4599.0,1105.6403258202913,147168.0,35380.49042624932,3305.2,246.8062632592617
te_ecmp,2,20,0,0.0,0.4699999999999969,0.032760448714875934,7472.6,1693.416135017025,239123.2,54189.3163205448,1776.6,447.4464077138177
te_ecmp,3,30,0,0.0,0.6789999999999986,0.06136944353666618,11155.6,2123.3845781713685,356979.2,67948.30650148379,2689.6,584.8521768241953
te_ecmp,4,40,0,0.0,0.8254999999999992,0.05415331384135236,15087.6,1777.9278299683594,482803.2,56893.6905589875,3287.2,386.6133660183
te_ecmp,5,50,0,0.0,0.9164999999999981,0.03473820087454083,18558.6,1620.862952805079,593875.2,51867.61448976253,3361.8,223.21586302052995
te_ecmp,6,60,0,0.0,0.9679999999999959,0.009348604173885005,18927.0,3503.023673913723,605664.0,112096.75756523914,3226.8,476.9898298957746
te_ecmp,7,70,0,0.0,0.9899999999999952,0.00692964645562767,21201.2,3657.3441603086794,678438.4,117035.01312987774,876.8,210.47552880085607
te_ecmp,8,80,0,0.0,0.9974999999999955,0.0021913466179503066,22913.6,3026.307190186746,733235.2,96841.83008597587,696.0,146.17842412613427
te_ecmp,9,90,0,0.0,0.999499999999995,0.0009799999999999028,23675.2,1979.6579646959215,757606.4,63349.05487026949,476.0,120.62362952589348
te_ecmp,10,100,0,0.0,0.9994999999999952,0.000979999999999511,23797.8,2186.532410824042,761529.6,69969.03714636934,287.0,61.629456593418055
te_ecmp,11,110,0,0.0,0.9999999999999952,1.5208927344107101e-15,21339.8,3413.2795000093383,682873.6,109224.94400029883,129.2,73.05937793329477
te_ecmp,12,120,0,0.0,0.9999999999999952,1.5208927344107101e-15,22648.4,3262.858194542938,724748.8,104411.46222537401,8.8,6.857199428338073
te_ecmp,13,130,0,0.0,0.9999999999999952,1.5208927344107101e-15,23742.0,2986.574013521178,759744.0,95570.3684326777,5.6,5.834087417925788
te_ecmp,14,140,0,0.0,0.9999999999999952,1.5208927344107101e-15,24061.8,1902.0893087087156,769977.6,60866.8578786789,4.0,2.701673555409683
te_ecmp,15,150,0,0.0,0.9999999999999952,1.5208927344107101e-15,23916.8,2215.6160595698884,765337.6,70899.71390623643,1.6,1.5923115273086481
te_ecmp,16,160,0,0.0,0.9999999999999952,1.5208927344107101e-15,21352.6,3412.3166905924777,683283.2,109194.13409895929,0.4,0.784
te_ecmp,17,170,0,0.0,0.9999999999999952,1.5208927344107101e-15,22662.6,3255.9469383538785,725203.2,104190.30202732411,0.0,0.0
te_ecmp,18,180,0,0.0,0.9999999999999952,1.5208927344107101e-15,23746.0,2990.841704082648,759872.0,95706.93453064474,0.0,0.0
te_ecmp,19,190,0,0.0,0.9999999999999952,1.5208927344107101e-15,24064.0,1898.874765707312,770048.0,60763.992502633984,0.0,0.0
te_ecmp,20,200,0,0.0,0.9999999999999952,1.5208927344107101e-15,23916.8,2215.6160595698884,765337.6,70899.71390623643,0.0,0.0
te_ecmp,21,210,0,0.0,0.9999999999999952,1.5208927344107101e-15,21352.6,3412.3166905924777,683283.2,109194.13409895929,0.0,0.0
te_ecmp,22,220,0,0.0,0.9999999999999952,1.5208927344107101e-15,22662.6,3255.9469383538785,725203.2,104190.30202732411,0.0,0.0
te_ecmp,23,230,0,0.0,0.9999999999999952,1.5208927344107101e-15,23746.0,2990.841704082648,759872.0,95706.93453064474,0.0,0.0
te_ecmp,24,240,0,0.0,0.9999999999999952,1.5208927344107101e-15,24064.0,1898.874765707312,770048.0,60763.992502633984,0.0,0.0
te_ecmp,25,250,0,0.0,0.9999999999999952,1.5208927344107101e-15,23916.8,2215.6160595698884,765337.6,70899.71390623643,0.0,0.0
te_ecmp,26,260,0,0.0,0.9999999999999952,1.5208927344107101e-15,21352.6,3412.3166905924777,683283.2,109194.13409895929,0.0,0.0
te_ecmp,27,270,0,0.0,0.9999999999999952,1.5208927344107101e-15,22662.6,3255.9469383538785,725203.2,104190.30202732411,0.0,0.0
te_ecmp,28,280,0,0.0,0.9999999999999952,1.5208927344107101e-15,23746.0,2990.841704082648,759872.0,95706.93453064474,0.0,0.0
te_ecmp,29,290,0,0.0,0.9999999999999952,1.5208927344107101e-15,24064.0,1898.874765707312,770048.0,60763.992502633984,0.0,0.0
te_ecmp,30,300,0,0.0,0.9999999999999952,1.5208927344107101e-15,23916.8,2215.6160595698884,765337.6,70899.71390623643,0.0,0.0
te_ecmp,31,310,0,0.0,0.9999999999999952,1.5208927344107101e-15,21352.6,3412.3166905924777,683283.2,109194.13409895929,0.0,0.0
te_ecmp,32,320,0,0.0,0.9999999999999952,1.5208927344107101e-15,22662.6,3255.9469383538785,725203.2,104190.30202732411,0.0,0.0
te_ecmp,33,330,0,0.0,0.9999999999999952,1.5208927344107101e-15,23746.0,2990.841704082648,759872.0,95706.93453064474,0.0,0.0
te_ecmp,34,340,0,0.0,0.9999999999999952,1.5208927344107101e-15,24064.0,1898.874765707312,770048.0,60763.992502633984,0.0,0.0
te_ecmp,35,350,0,0.0,0.9999999999999952,1.5208927344107101e-15,23916.8,2215.6160595698884,765337.6,70899.71390623643,0.0,0.0
te_ecmp,36,360,0,0.0,0.9999999999999952,1.5208927344107101e-15,21352.6,3412.3166905924777,683283.2,109194.13409895929,0.0,0.0
te_ecmp,37,370,0,0.0,0.9999999999999952,1.5208927344107101e-15,22662.6,3255.9469383538785,725203.2,104190.30202732411,0.0,0.0
te_ecmp,38,380,0,0.0,0.9999999999999952,1.5208927344107101e-15,23746.0,2990.841704082648,759872.0,95706.93453064474,0.0,0.0
te_ecmp,39,390,0,0.0,0.9999999999999952,1.5208927344107101e-15,24064.0,1898.874765707312,770048.0,60763.992502633984,0.0,0.0
te_ecmp,40,400,1,0.0,0.9526368805876843,0.033085893244862774,23916.8,2215.6160595698884,765337.6,70899.71390623643,0.0,0.0
te_ecmp,41,410,1,0.2686399999999999,0.938561183452809,0.048672132115142965,20945.8,3265.313670259566,670265.6,104490.03744830612,222.8,283.59879305808056
te_ecmp,42,420,1,0.5187999999999998,0.9714190323620823,0.01530500375521946,22032.2,3012.649392927096,705030.4,96404.78057366707,218.8,157.43741938941957
te_ecmp,43,430,1,0.5827599999999998,0.976493776601524,0.012625501172815627,23238.0,2940.791864025742,743616.0,94105.33964882375,143.6,105.06879772796489
te_ecmp,44,440,1,0.5685999999999998,0.9761182770176287,0.01555976199101773,23465.6,1937.637462585816,750899.2,62004.39880274611,141.8,126.93689985185553
te_ecmp,45,450,1,0.5271999999999997,0.9691391533889309,0.03015349968692582,22860.6,1525.387877890735,731539.2,48812.41209250352,91.6,79.35604082866028
te_ecmp,46,460,1,0.5137599999999998,0.9715563164777923,0.03126295093561673,20192.0,2874.0237964498483,646144.0,91968.76148639515,182.4,234.07242045144918
te_ecmp,47,470,1,0.4741599999999998,0.9850426789446365,0.018974360516349414,22028.0,3055.9878519130275,704896.0,97791.61126121688,85.8,113.058875564902
te_ecmp,48,480,1,0.3519599999999999,0.9883116850520206,0.018681736686413108,23054.8,2942.8865384421465,737753.6,94172.36923014869,105.6,75.97269467381027
te_ecmp,49,490,1,0.29459999999999986,0.9962317286675745,0.007385811811566664,23545.8,1967.5336187785967,753465.6,62961.075800915096,86.4,49.8880644643586
te_ecmp,50,500,1,0.19391999999999976,0.9971337029481508,0.005617942221637049,23281.4,1987.5784515877604,745004.8,63602.51045080833,75.0,72.06565784061087
te_ecmp,51,510,1,0.13151999999999978,0.9979479367232698,0.004022044022404876,20705.8,3102.2467639412566,662585.6,99271.89644612021,126.6,140.61767263043433
te_ecmp,52,520,1,0.06911999999999976,0.9966166615160675,0.003879392403999172,22349.8,3142.1044443850046,715193.6,100547.34222032015,131.2,107.47950904242165
te_ecmp,53,530,1,0.04835999999999978,0.9963903659765059,0.0032660668325341408,23277.0,2906.457756844231,744864.0,93006.64821901539,99.4,83.84952388654332
te_ecmp,54,540,1,0.03659999999999981,0.9919875085205658,0.007511083721322615,23666.8,2053.9992419239106,757337.6,65727.97574156514,80.0,70.48101134348171
te_ecmp,55,550,1,0.0829200000000001,0.9841604101415152,0.014677791287210322,23434.0,2079.198726394377,749888.0,66534.35924462006,86.4,71.76812395485896
te_ecmp,56,560,1,0.16416000000000003,0.9752954803170624,0.022240174370614277,20517.2,2918.41626665971,656550.4,93389.32053311072,78.8,74.70505996249517
te_ecmp,57,570,1,0.27287999999999996,0.978990172484752,0.010319401533759818,22069.0,3157.615113113059,706208.0,101043.68361961789,132.2,102.50893689820413
te_ecmp,58,580,1,0.3264000000000001,0.9776857819820812,0.01346077213672584,23289.6,2797.872477482846,745267.2,89531.91927945107,82.6,58.36259980501211
te_ecmp,59,590,1,0.3486000000000001,0.9758717692265332,0.018534377765733245,23591.2,1989.8370802615975,754918.4,63674.78656837112,65.4,52.638316994372076
te_ecmp,60,600,1,0.35916,0.9734747978931205,0.02516765649538733,23205.0,1995.3990789613988,742560.0,63852.77052676476,71.4,56.923070331808354
te_ecmp,61,610,1,0.37452,0.9734636226837473,0.03095454732787666,20318.0,2828.2192162560527,650176.0,90503.01492019369,78.6,67.76499816276836
te_ecmp,62,620,1,0.3773999999999999,0.9878967373173262,0.014404830196508076,22121.6,3120.0320563122423,707891.2,99841.02580199175,88.8,120.65292596534904
te_ecmp,63,630,1,0.3050999999999999,0.9898080810602344,0.01661827337343548,23118.6,2839.6409787323464,739795.2,90868.51131943509,77.2,69.53554072558867
te_ecmp,64,640,1,0.2585999999999999,0.9882897569510931,0.022952076375871076,23612.4,1996.0030858733662,755596.8,63872.09874794772,89.2,84.7241598601013
te_ecmp,65,650,1,0.22649999999999992,0.9870562698176842,0.025369711157352447,23176.2,2140.5030152522563,741638.4,68496.0964880722,66.2,53.79976862403778
te_ecmp,66,660,1,0.2453999999999999,0.9887549043299156,0.022040387513379226,20610.4,2962.1027185052176,659532.8,94787.28699216696,87.0,70.63346175857444
te_ecmp,67,670,1,0.24149999999999983,0.9930510247526254,0.009555991587096774,22377.0,3227.180146121378,716064.0,103269.7646758841,162.2,123.72770709909726
te_ecmp,68,680,1,0.1919399999999999,0.992967754563286,0.006361584278180333,23243.0,2957.656690476432,743776.0,94645.01409524582,103.8,84.61526803124835
te_ecmp,69,690,1,0.15497999999999992,0.9899304064386983,0.009186232223139022,23684.4,2009.3943133033893,757900.8,64300.618025708456,82.6,67.26998688865636
te_ecmp,70,700,1,0.14262,0.9843415299494851,0.01727389384070408,23427.6,2127.554639922557,749683.2,68081.74847752182,90.8,74.53516904119826
te_ecmp,71,710,0,0.19296000000000002,0.996689657954174,0.00648827040980986,20510.0,2863.602191338734,656320.0,91635.27012283949,108.6,83.3463353483523
te_ecmp,72,720,0,0.04528000000000011,0.9999999999999944,2.030838456230856e-15,22146.8,3202.576029471275,708697.6,102482.4329430808,140.6,89.25126383418892
te_ecmp,73,730,0,0.0,0.9999999999999947,1.945698460214096e-15,23334.8,2874.979979350117,746713.6,91999.35933920374,54.6,67.89526004074216
te_ecmp,74,740,0,0.0,0.9999999999999947,1.825149114471184e-15,23735.8,1947.2016923328715,759545.6,62310.45415465189,113.4,107.52810802762224
te_ecmp,75,750,0,0.0,0.9999999999999947,1.9402150342045473e-15,23586.0,2148.733616845048,754752.0,68759.47573904153,90.4,74.47123106273992
te_ecmp,76,760,0,0.0,0.9999999999999949,1.7543772197942294e-15,21065.0,3171.4365659744794,674080.0,101485.97011118334,82.4,69.75672767554394
te_ecmp,77,770,0,0.0,0.9999999999999952,1.4219366189083658e-15,22525.4,3290.430907746886,720812.8,105293.78904790035,106.2,87.93259909726314
te_ecmp,78,780,0,0.0,0.9999999999999952,1.4219366189083658e-15,23619.4,2933.8547661014168,755820.8,93883.35251524534,46.6,51.367707521360146
te_ecmp,79,790,0,0.0,0.9999999999999953,1.547130262293483e-15,23979.8,1890.988091105811,767353.6,60511.61891538595,50.4,54.14213974345676
te_ecmp,80,800,0,0.0,0.9999999999999953,1.547130262293483e-15,23839.0,2216.3073861538246,762848.0,70921.83635692239,19.4,15.724038158183156
te_ecmp,81,810,0,0.0,0.9999999999999953,1.5524770626475817e-15,21314.6,3374.676045598451,682067.2,107989.63345915043,13.2,12.540937126068371
te_ecmp,82,820,0,0.0,0.9999999999999953,1.5348390625194516e-15,22637.4,3252.1821505838197,724396.8,104069.82881868223,19.6,25.409039651273716
te_ecmp,83,830,0,0.0,0.9999999999999952,1.5706707742394436e-15,23740.0,2987.5243019463455,759680.0,95600.77766228306,10.4,10.746092126908275
te_ecmp,84,840,0,0.0,0.9999999999999952,1.5208927344107101e-15,24061.2,1896.8635960405793,769958.4,60699.63507329854,4.6,7.137199450764983
te_ecmp,85,850,0,0.0,0.9999999999999952,1.4902280116489888e-15,23913.6,2214.5174818041055,765235.2,70864.55941773138,3.6,5.207849460189878
te_ecmp,86,860,0,0.0,0.9999999999999952,1.5208927344107101e-15,21352.6,3412.3166905924777,683283.2,109194.13409895929,1.2,2.352
te_ecmp,87,870,0,0.0,0.9999999999999952,1.5208927344107101e-15,22662.6,3255.9469383538785,725203.2,104190.30202732411,0.2,0.392
te_ecmp,88,880,0,0.0,0.9999999999999952,1.5208927344107101e-15,23746.0,2990.841704082648,759872.0,95706.93453064474,0.0,0.0
te_ecmp,89,890,0,0.0,0.9999999999999952,1.5208927344107101e-15,24064.0,1898.874765707312,770048.0,60763.992502633984,0.0,0.0
te_ecmp,90,900,0,0.0,0.9999999999999952,1.5208927344107101e-15,23916.8,2215.6160595698884,765337.6,70899.71390623643,0.0,0.0
te_ecmp,91,910,0,0.0,0.9999999999999952,1.5208927344107101e-15,21352.6,3412.3166905924777,683283.2,109194.13409895929,0.0,0.0
te_ecmp,92,920,0,0.0,0.9999999999999952,1.5208927344107101e-15,22662.6,3255.9469383538785,725203.2,104190.30202732411,0.0,0.0
te_ecmp,93,930,0,0.0,0.9999999999999952,1.5208927344107101e-15,23746.0,2990.841704082648,759872.0,95706.93453064474,0.0,0.0
te_ecmp,94,940,0,0.0,0.9999999999999952,1.5208927344107101e-15,24064.0,1898.874765707312,770048.0,60763.992502633984,0.0,0.0
te_ecmp,95,950,0,0.0,0.9999999999999952,1.5208927344107101e-15,23916.8,2215.6160595698884,765337.6,70899.71390623643,0.0,0.0
te_ecmp,96,960,0,0.0,0.9999999999999952,1.5208927344107101e-15,21352.6,3412.3166905924777,683283.2,109194.13409895929,0.0,0.0
te_ecmp,97,970,0,0.0,0.9999999999999952,1.5208927344107101e-15,22662.6,3255.9469383538785,725203.2,104190.30202732411,0.0,0.0
te_ecmp,98,980,0,0.0,0.9999999999999952,1.5208927344107101e-15,23746.0,2990.841704082648,759872.0,95706.93453064474,0.0,0.0
te_ecmp,99,990,0,0.0,0.9999999999999952,1.5208927344107101e-15,24064.0,1898.874765707312,770048.0,60763.992502633984,0.0,0.0
te_ecmp,100,1000,0,0.0,0.9999999999999952,1.5208927344107101e-15,23916.8,2215.6160595698884,765337.6,70899.71390623643,0.0,0.0
te_ecmp,101,1010,0,0.0,0.9999999999999952,1.5208927344107101e-15,21352.6,3412.3166905924777,683283.2,109194.13409895929,0.0,0.0
te_ecmp,102,1020,0,0.0,0.9999999999999952,1.5208927344107101e-15,22662.6,3255.9469383538785,725203.2,104190.30202732411,0.0,0.0
te_ecmp,103,1030,0,0.0,0.9999999999999952,1.5208927344107101e-15,23746.0,2990.841704082648,759872.0,95706.93453064474,0.0,0.0
te_ecmp,104,1040,0,0.0,0.9999999999999952,1.5208927344107101e-15,24064.0,1898.874765707312,770048.0,60763.992502633984,0.0,0.0
te_ecmp,105,1050,0,0.0,0.9999999999999952,1.5208927344107101e-15,23916.8,2215.6160595698884,765337.6,70899.71390623643,0.0,0.0
te_ecmp,106,1060,0,0.0,0.9999999999999952,1.5208927344107101e-15,21352.6,3412.3166905924777,683283.2,109194.13409895929,0.0,0.0
te_ecmp,107,1070,0,0.0,0.9999999999999952,1.5208927344107101e-15,22662.6,3255.9469383538785,725203.2,104190.30202732411,0.0,0.0
te_ecmp,108,1080,0,0.0,0.9999999999999952,1.5208927344107101e-15,23746.0,2990.841704082648,759872.0,95706.93453064474,0.0,0.0
te_ecmp,109,1090,0,0.0,0.9999999999999952,1.5208927344107101e-15,24064.0,1898.874765707312,770048.0,60763.992502633984,0.0,0.0
te_ecmp,110,1100,0,0.0,0.9999999999999952,1.5208927344107101e-15,23916.8,2215.6160595698884,765337.6,70899.71390623643,0.0,0.0
te_ecmp,111,1110,0,0.0,0.9999999999999952,1.5208927344107101e-15,21352.6,3412.3166905924777,683283.2,109194.13409895929,0.0,0.0
te_ecmp,112,1120,0,0.0,0.9999999999999952,1.5208927344107101e-15,22662.6,3255.9469383538785,725203.2,104190.30202732411,0.0,0.0
te_ecmp,113,1130,0,0.0,0.9999999999999952,1.5208927344107101e-15,23746.0,2990.841704082648,759872.0,95706.93453064474,0.0,0.0
te_ecmp,114,1140,0,0.0,0.9999999999999952,1.5208927344107101e-15,24064.0,1898.874765707312,770048.0,60763.992502633984,0.0,0.0
te_ecmp,115,1150,0,0.0,0.9999999999999952,1.5208927344107101e-15,23916.8,2215.6160595698884,765337.6,70899.71390623643,0.0,0.0
te_ecmp,116,1160,0,0.0,0.9999999999999952,1.5208927344107101e-15,21352.6,3412.3166905924777,683283.2,109194.13409895929,0.0,0.0
te_ecmp,117,1170,0,0.0,0.9999999999999952,1.5208927344107101e-15,22662.6,3255.9469383538785,725203.2,104190.30202732411,0.0,0.0
te_ecmp,118,1180,0,0.0,0.9999999999999952,1.5208927344107101e-15,23746.0,2990.841704082648,759872.0,95706.93453064474,0.0,0.0
te_ecmp,119,1190,0,0.0,0.9999999999999952,1.5208927344107101e-15,24064.0,1898.874765707312,770048.0,60763.992502633984,0.0,0.0
te_ecmp,120,1200,0,0.0,0.9999999999999952,1.5208927344107101e-15,23916.8,2215.6160595698884,765337.6,70899.71390623643,0.0,0.0
te_ecmp,121,1210,0,0.0,0.9999999999999952,1.5208927344107101e-15,21352.6,3412.3166905924777,683283.2,109194.13409895929,0.0,0.0
te_ecmp,122,1220,0,0.0,0.9999999999999952,1.5208927344107101e-15,22662.6,3255.9469383538785,725203.2,104190.30202732411,0.0,0.0
te_ecmp,123,1230,0,0.0,0.9999999999999952,1.5208927344107101e-15,23746.0,2990.841704082648,759872.0,95706.93453064474,0.0,0.0
te_ecmp,124,1240,0,0.0,0.9999999999999952,1.5208927344107101e-15,24064.0,1898.874765707312,770048.0,60763.992502633984,0.0,0.0
te_ecmp,125,1250,0,0.0,0.9999999999999952,1.5208927344107101e-15,23916.8,2215.6160595698884,765337.6,70899.71390623643,0.0,0.0
te_ecmp,126,1260,0,0.0,0.9999999999999952,1.5208927344107101e-15,21352.6,3412.3166905924777,683283.2,109194.13409895929,0.0,0.0
te_ecmp,127,1270,0,0.0,0.9999999999999952,1.5208927344107101e-15,22662.6,3255.9469383538785,725203.2,104190.30202732411,0.0,0.0
te_ecmp,128,1280,0,0.0,0.9999999999999952,1.5208927344107101e-15,23746.0,2990.841704082648,759872.0,95706.93453064474,0.0,0.0
te_ecmp,129,1290,0,0.0,0.9999999999999952,1.5208927344107101e-15,24064.0,1898.874765707312,770048.0,60763.992502633984,0.0,0.0
te_ecmp,130,1300,0,0.0,0.9999999999999952,1.5208927344107101e-15,23916.8,2215.6160595698884,765337.6,70899.71390623643,0.0,0.0
te_ecmp,131,1310,0,0.0,0.9999999999999952,1.5208927344107101e-15,21352.6,3412.3166905924777,683283.2,109194.13409895929,0.0,0.0
te_ecmp,132,1320,0,0.0,0.9999999999999952,1.5208927344107101e-15,22662.6,3255.9469383538785,725203.2,104190.30202732411,0.0,0.0
te_ecmp,133,1330,0,0.0,0.9999999999999952,1.5208927344107101e-15,23746.0,2990.841704082648,759872.0,95706.93453064474,0.0,0.0
te_ecmp,134,1340,0,0.0,0.9999999999999952,1.5208927344107101e-15,24064.0,1898.874765707312,770048.0,60763.992502633984,0.0,0.0
te_ecmp,135,1350,0,0.0,0.9999999999999952,1.5208927344107101e-15,23916.8,2215.6160595698884,765337.6,70899.71390623643,0.0,0.0
te_ecmp,136,1360,0,0.0,0.9999999999999952,1.5208927344107101e-15,21352.6,3412.3166905924777,683283.2,109194.13409895929,0.0,0.0
te_ecmp,137,1370,0,0.0,0.9999999999999952,1.5208927344107101e-15,22662.6,3255.9469383538785,725203.2,104190.30202732411,0.0,0.0
te_ecmp,138,1380,0,0.0,0.9999999999999952,1.5208927344107101e-15,23746.0,2990.841704082648,759872.0,95706.93453064474,0.0,0.0
te_ecmp,139,1390,0,0.0,0.9999999999999952,1.5208927344107101e-15,24064.0,1898.874765707312,770048.0,60763.992502633984,0.0,0.0
bandit,0,0,0,0.0,0.0259999999999998,0.0033233416917313567,0.0,0.0,0.0,0.0,0.0,0.0
bandit,1,10,0,0.0,0.24099999999999772,0.013472772543170019,7967.2,863.1361112964744,254950.4,27620.35556148718,3295.8,246.0150588561603
bandit,2,20,0,0.0,0.5834999999999971,0.05848473818014444,13476.2,1294.2409097165796,431238.4,41415.70911093055,3966.4,423.4206104761553
bandit,3,30,0,0.0,0.865499999999999,0.03270176447838882,16624.2,1365.5382594947678,531974.4,43697.22430383257,6113.0,613.6424768869899
bandit,4,40,0,0.0,0.9554999999999996,0.016132836080491344,20140.4,1252.7153512654022,644492.8,40086.89124049287,7447.6,533.8320421405967
bandit,5,50,0,0.0,0.9914999999999999,0.007527522832911286,19874.2,1173.586134642021,635974.4,37554.756308544675,6943.4,500.35640714994344
bandit,6,60,0,0.0,0.999,0.0019600000000000017,18557.4,1097.7794653280778,593836.8,35128.94289049849,5992.0,331.0427815252886
bandit,7,70,0,0.0,1.0,0.0,20532.6,1031.5192680779162,657043.2,33008.61657849332,6755.4,417.53916388286257
bandit,8,80,0,0.0,1.0,0.0,19938.6,1140.7175752551548,638035.2,36502.96240816495,6574.6,487.19844229636027
bandit,9,90,0,0.0,1.0,0.0,18572.4,1090.0834929930825,594316.8,34882.67177577864,5652.2,354.8901374566501
bandit,10,100,0,0.0,1.0,0.0,20532.6,1031.5192680779162,657043.2,33008.61657849332,6371.6,425.5956655042436
bandit,11,110,0,0.0,1.0,0.0,19938.6,1140.7175752551548,638035.2,36502.96240816495,5991.8,379.524735510085
bandit,12,120,0,0.0,1.0,0.0,18572.4,1090.0834929930825,594316.8,34882.67177577864,5153.4,284.4375338382753
bandit,13,130,0,0.0,1.0,0.0,20532.6,1031.5192680779162,657043.2,33008.61657849332,5907.6,360.4197523111073
bandit,14,140,0,0.0,1.0,0.0,19938.6,1140.7175752551548,638035.2,36502.96240816495,5674.2,365.26029083928626
bandit,15,150,0,0.0,1.0,0.0,18572.4,1090.0834929930825,594316.8,34882.67177577864,4931.6,260.85796030790397
bandit,16,160,0,0.0,1.0,0.0,20532.6,1031.5192680779162,657043.2,33008.61657849332,5530.6,310.8362263572249
bandit,17,170,0,0.0,1.0,0.0,19938.6,1140.7175752551548,638035.2,36502.96240816495,5304.6,310.7663906152015
bandit,18,180,0,0.0,1.0,0.0,18572.4,1090.0834929930825,594316.8,34882.67177577864,4635.8,282.33621415610145
bandit,19,190,0,0.0,1.0,0.0,20532.6,1031.5192680779162,657043.2,33008.61657849332,5319.0,344.6212882571243
bandit,20,200,0,0.0,1.0,0.0,19938.6,1140.7175752551548,638035.2,36502.96240816495,5126.0,299.70893159864283
bandit,21,210,0,0.0,1.0,0.0,18572.4,1090.0834929930825,594316.8,34882.67177577864,4415.6,223.65274783914458
bandit,22,220,0,0.0,1.0,0.0,20532.6,1031.5192680779162,657043.2,33008.61657849332,5063.6,350.4908586767991
bandit,23,230,0,0.0,1.0,0.0,19938.6,1140.7175752551548,638035.2,36502.96240816495,4735.0,280.5450914202563
bandit,24,240,0,0.0,1.0,0.0,18572.4,1090.0834929930825,594316.8,34882.67177577864,4192.4,205.2875219198673
bandit,25,250,0,0.0,1.0,0.0,20532.6,1031.5192680779162,657043.2,33008.61657849332,4970.6,350.31654133940066
bandit,26,260,0,0.0,1.0,0.0,19938.6,1140.7175752551548,638035.2,36502.96240816495,4643.0,263.36522260921237
bandit,27,270,0,0.0,1.0,0.0,18572.4,1090.0834929930825,594316.8,34882.67177577864,4064.4,243.90434046158344
bandit,28,280,0,0.0,1.0,0.0,20532.6,1031.5192680779162,657043.2,33008.61657849332,4801.8,312.4214178061421
bandit,29,290,0,0.0,1.0,0.0,19938.6,1140.7175752551548,638035.2,36502.96240816495,4463.8,242.93755260148643
bandit,30,300,0,0.0,1.0,0.0,18572.4,1090.0834929930825,594316.8,34882.67177577864,3941.6,203.83585380398608
bandit,31,310,0,0.0,1.0,0.0,20532.6,1031.5192680779162,657043.2,33008.61657849332,4696.6,281.00043632706337
bandit,32,320,0,0.0,1.0,0.0,19938.6,1140.7175752551548,638035.2,36502.96240816495,4346.2,296.0971682134093
bandit,33,330,0,0.0,1.0,0.0,18572.4,1090.0834929930825,594316.8,34882.67177577864,3905.2,225.89746148197412
bandit,34,340,0,0.0,1.0,0.0,20532.6,1031.5192680779162,657043.2,33008.61657849332,4614.2,257.3946446684546
bandit,35,350,0,0.0,1.0,0.0,19938.6,1140.7175752551548,638035.2,36502.96240816495,4246.0,264.87208233409575
bandit,36,360,0,0.0,1.0,0.0,18572.4,1090.0834929930825,594316.8,34882.67177577864,3795.4,192.249525190571
bandit,37,370,0,0.0,1.0,0.0,20532.6,1031.5192680779162,657043.2,33008.61657849332,4528.0,269.1002198438344
bandit,38,380,0,0.0,1.0,0.0,19938.6,1140.7175752551548,638035.2,36502.96240816495,4237.4,289.9697952821983
bandit,39,390,0,0.0,1.0,0.0,18572.4,1090.0834929930825,594316.8,34882.67177577864,3746.8,168.9690525037055
bandit,40,400,1,0.0,0.9710080214274839,0.02166755937500563,20532.6,1031.5192680779162,657043.2,33008.61657849332,4455.0,280.4588100951724
bandit,41,410,1,0.18239999999999984,0.9671697394925406,0.02681892840363488,19938.6,1140.7175752551548,638035.2,36502.96240816495,4167.0,266.03850458157365
bandit,42,420,1,0.24239999999999967,0.9598512857962438,0.03165979844063063,18572.4,1090.0834929930825,594316.8,34882.67177577864,3554.4,234.0461597548654
bandit,43,430,1,0.41519999999999946,0.9679245365804388,0.024179368494862373,20532.6,1031.5192680779162,657043.2,33008.61657849332,4257.4,325.0638579971633
bandit,44,440,1,0.46559999999999924,0.9692207660247139,0.02668752209562413,19938.6,1140.7175752551548,638035.2,36502.96240816495,3893.8,288.86131299293083
bandit,45,450,1,0.46799999999999925,0.9677304956189806,0.02784278794287897,18572.4,1090.0834929930825,594316.8,34882.67177577864,3432.2,228.3996334147671
bandit,46,460,1,0.5039999999999991,0.970437058021443,0.025840560890826834,20532.6,1031.5192680779162,657043.2,33008.61657849332,4120.6,248.82398778252872
bandit,47,470,1,0.525599999999999,0.9716670829074898,0.025626376651783026,19938.6,1140.7175752551548,638035.2,36502.96240816495,3774.8,264.79186525269233
bandit,48,480,1,0.5279999999999989,0.9700942271055064,0.027571802498334148,18572.4,1090.0834929930825,594316.8,34882.67177577864,3340.2,202.99904606672416
bandit,49,490,1,0.5543999999999988,0.9722345971573508,0.023410021923988687,20532.6,1031.5192680779162,657043.2,33008.61657849332,4066.0,304.66496221259183
bandit,50,500,1,0.5471999999999987,0.9731298040316844,0.027078612176894036,19938.6,1140.7175752551548,638035.2,36502.96240816495,3785.6,276.57301577702765
bandit,51,510,1,0.5543999999999987,0.9750206686936369,0.02894167631748656,18572.4,1090.0834929930825,594316.8,34882.67177577864,3371.2,192.712359084725
bandit,52,520,1,0.5639999999999992,0.9755284440026554,0.024238797163864095,20532.6,1031.5192680779162,657043.2,33008.61657849332,4072.8,257.6698627003165
bandit,53,530,1,0.578399999999999,0.9788106551184776,0.023061057394985852,19938.6,1140.7175752551548,638035.2,36502.96240816495,3753.2,272.6735488161622
bandit,54,540,1,0.5423999999999991,0.9766868631039307,0.02584452620478089,18572.4,1090.0834929930825,594316.8,34882.67177577864,3319.4,192.81120822192884
bandit,55,550,1,0.5399999999999989,0.976088038500315,0.01932881851877323,20532.6,1031.5192680779162,657043.2,33008.61657849332,4093.2,270.21527044932157
bandit,56,560,1,0.523199999999999,0.9797225299205511,0.016081803610929254,19938.6,1140.7175752551548,638035.2,36502.96240816495,3756.2,261.5174757908159
bandit,57,570,1,0.5135999999999991,0.9818426216501607,0.019743496081419436,18572.4,1090.0834929930825,594316.8,34882.67177577864,3330.4,185.23876941936317
bandit,58,580,1,0.4967999999999989,0.9843666792062387,0.016848907526151823,20532.6,1031.5192680779162,657043.2,33008.61657849332,4085.6,294.7520700792447
bandit,59,590,1,0.4751999999999989,0.9824471888303161,0.016719656739154976,19938.6,1140.7175752551548,638035.2,36502.96240816495,3768.0,254.3797611446319
bandit,60,600,1,0.4823999999999987,0.9853728328620237,0.01917894595309356,18572.4,1090.0834929930825,594316.8,34882.67177577864,3328.6,216.21438642236552
bandit,61,610,1,0.4319999999999988,0.985750175958197,0.01677621405746757,20532.6,1031.5192680779162,657043.2,33008.61657849332,4066.6,269.25192800795315
bandit,62,620,1,0.4367999999999993,0.9869855018008209,0.01949746141214352,19938.6,1140.7175752551548,638035.2,36502.96240816495,3739.2,240.940847645226
bandit,63,630,1,0.39599999999999935,0.9856899900865418,0.020219650173122366,18572.4,1090.0834929930825,594316.8,34882.67177577864,3320.4,239.38541663184074
bandit,64,640,1,0.37439999999999934,0.9896264137125715,0.016715353849964407,20532.6,1031.5192680779162,657043.2,33008.61657849332,4080.4,281.91832224245377
bandit,65,650,1,0.36,0.9884513313551455,0.017359098134156353,19938.6,1140.7175752551548,638035.2,36502.96240816495,3730.2,259.0682595456263
bandit,66,660,1,0.3696,0.9886697492582556,0.02124386628197271,18572.4,1090.0834929930825,594316.8,34882.67177577864,3317.2,210.8958178437875
bandit,67,670,1,0.36479999999999996,0.990682783608196,0.018261744127935936,20532.6,1031.5192680779162,657043.2,33008.61657849332,4067.0,292.88919488434533
bandit,68,680,1,0.36,0.988909761813576,0.01750125634157507,19938.6,1140.7175752551548,638035.2,36502.96240816495,3709.0,276.8904979229153
bandit,69,690,1,0.3791999999999999,0.9888975464190981,0.02134447096562795,18572.4,1090.0834929930825,594316.8,34882.67177577864,3338.8,236.62842243483772
bandit,70,700,1,0.36,0.9912145030425963,0.017219574036511236,20532.6,1031.5192680779162,657043.2,33008.61657849332,4054.8,273.3180469416536
bandit,71,710,0,0.36,0.9936785714285714,0.012390000000000035,19938.6,1140.7175752551548,638035.2,36502.96240816495,3724.8,275.16501359002746
bandit,72,720,0,0.2832,0.9939671532846714,0.011824379562043921,18572.4,1090.0834929930825,594316.8,34882.67177577864,3320.8,232.73165780357428
bandit,73,730,0,0.20880000000000004,0.9978437499999998,0.00422625000000016,20532.6,1031.5192680779162,657043.2,33008.61657849332,4062.8,296.9250570497545
bandit,74,740,0,0.11040000000000003,0.9978076923076923,0.004296923076923165,19938.6,1140.7175752551548,638035.2,36502.96240816495,3725.2,281.39784914600887
bandit,75,750,0,0.036000000000000046,1.0,0.0,18572.4,1090.0834929930825,594316.8,34882.67177577864,3281.8,245.4757397055766
bandit,76,760,0,0.0,1.0,0.0,20532.6,1031.5192680779162,657043.2,33008.61657849332,4026.0,265.1540273878562
bandit,77,770,0,0.0,1.0,0.0,19938.6,1140.7175752551548,638035.2,36502.96240816495,3710.2,260.67955789436195
bandit,78,780,0,0.0,1.0,0.0,18572.4,1090.0834929930825,594316.8,34882.67177577864,3306.8,223.47988415962632
bandit,79,790,0,0.0,1.0,0.0,20532.6,1031.5192680779162,657043.2,33008.61657849332,4060.6,277.2611039724108
bandit,80,800,0,0.0,1.0,0.0,19938.6,1140.7175752551548,638035.2,36502.96240816495,3702.2,256.017867938939
bandit,81,810,0,0.0,1.0,0.0,18572.4,1090.0834929930825,594316.8,34882.67177577864,3275.6,215.56845951112606
bandit,82,820,0,0.0,1.0,0.0,20532.6,1031.5192680779162,657043.2,33008.61657849332,4033.4,277.67991748774347
bandit,83,830,0,0.0,1.0,0.0,19938.6,1140.7175752551548,638035.2,36502.96240816495,3650.2,263.65417027614035
bandit,84,840,0,0.0,1.0,0.0,18572.4,1090.0834929930825,594316.8,34882.67177577864,3278.6,193.1277424297193
bandit,85,850,0,0.0,1.0,0.0,20532.6,1031.5192680779162,657043.2,33008.61657849332,4030.8,295.9265093633891
bandit,86,860,0,0.0,1.0,0.0,19938.6,1140.7175752551548,638035.2,36502.96240816495,3689.0,293.67773003753615
bandit,87,870,0,0.0,1.0,0.0,18572.4,1090.0834929930825,594316.8,34882.67177577864,3313.6,217.11510186074113
bandit,88,880,0,0.0,1.0,0.0,20532.6,1031.5192680779162,657043.2,33008.61657849332,3999.8,251.62415572436598
bandit,89,890,0,0.0,1.0,0.0,19938.6,1140.7175752551548,638035.2,36502.96240816495,3629.4,271.6772112931079
bandit,90,900,0,0.0,1.0,0.0,18572.4,1090.0834929930825,594316.8,34882.67177577864,3317.0,254.52620674500298
bandit,91,910,0,0.0,1.0,0.0,20532.6,1031.5192680779162,657043.2,33008.61657849332,4041.8,291.5393103922694
bandit,92,920,0,0.0,1.0,0.0,19938.6,1140.7175752551548,638035.2,36502.96240816495,3716.4,257.2761133412894
bandit,93,930,0,0.0,1.0,0.0,18572.4,1090.0834929930825,594316.8,34882.67177577864,3275.0,193.63570001422775
bandit,94,940,0,0.0,1.0,0.0,20532.6,1031.5192680779162,657043.2,33008.61657849332,3966.8,250.34916653346383
bandit,95,950,0,0.0,1.0,0.0,19938.6,1140.7175752551548,638035.2,36502.96240816495,3701.4,271.12446989528627
bandit,96,960,0,0.0,1.0,0.0,18572.4,1090.0834929930825,594316.8,34882.67177577864,3275.2,199.66946262260535
bandit,97,970,0,0.0,1.0,0.0,20532.6,1031.5192680779162,657043.2,33008.61657849332,4066.4,259.5632077471689
bandit,98,980,0,0.0,1.0,0.0,19938.6,1140.7175752551548,638035.2,36502.96240816495,3683.4,310.81583347056176
bandit,99,990,0,0.0,1.0,0.0,18572.4,1090.0834929930825,594316.8,34882.67177577864,3330.0,201.20619592845546
bandit,100,1000,0,0.0,1.0,0.0,20532.6,1031.5192680779162,657043.2,33008.61657849332,4046.8,270.11075666104074
bandit,101,1010,0,0.0,1.0,0.0,19938.6,1140.7175752551548,638035.2,36502.96240816495,3658.2,279.69646387467964
bandit,102,1020,0,0.0,1.0,0.0,18572.4,1090.0834929930825,594316.8,34882.67177577864,3288.6,178.35203059118783
bandit,103,1030,0,0.0,1.0,0.0,20532.6,1031.5192680779162,657043.2,33008.61657849332,4004.8,243.31677144003038
bandit,104,1040,0,0.0,1.0,0.0,19938.6,1140.7175752551548,638035.2,36502.96240816495,3675.0,290.02834675252006
bandit,105,1050,0,0.0,1.0,0.0,18572.4,1090.0834929930825,594316.8,34882.67177577864,3279.8,176.58218591919172
bandit,106,1060,0,0.0,1.0,0.0,20532.6,1031.5192680779162,657043.2,33008.61657849332,4055.2,280.06843203760036
bandit,107,1070,0,0.0,1.0,0.0,19938.6,1140.7175752551548,638035.2,36502.96240816495,3667.4,270.18200105854567
bandit,108,1080,0,0.0,1.0,0.0,18572.4,1090.0834929930825,594316.8,34882.67177577864,3282.0,176.22133173937823
bandit,109,1090,0,0.0,1.0,0.0,20532.6,1031.5192680779162,657043.2,33008.61657849332,3990.6,289.03561181280065
bandit,110,1100,0,0.0,1.0,0.0,19938.6,1140.7175752551548,638035.2,36502.96240816495,3649.4,295.3191259908507
bandit,111,1110,0,0.0,1.0,0.0,18572.4,1090.0834929930825,594316.8,34882.67177577864,3280.6,205.00756770421913
bandit,112,1120,0,0.0,1.0,0.0,20532.6,1031.5192680779162,657043.2,33008.61657849332,3975.2,273.60041502892494
bandit,113,1130,0,0.0,1.0,0.0,19938.6,1140.7175752551548,638035.2,36502.96240816495,3647.4,248.01288889088002
bandit,114,1140,0,0.0,1.0,0.0,18572.4,1090.0834929930825,594316.8,34882.67177577864,3280.4,169.31223776207082
bandit,115,1150,0,0.0,1.0,0.0,20532.6,1031.5192680779162,657043.2,33008.61657849332,4033.8,284.2191938346177
bandit,116,1160,0,0.0,1.0,0.0,19938.6,1140.7175752551548,638035.2,36502.96240816495,3691.8,274.4044799634291
bandit,117,1170,0,0.0,1.0,0.0,18572.4,1090.0834929930825,594316.8,34882.67177577864,3277.8,153.06257303469062
bandit,118,1180,0,0.0,1.0,0.0,20532.6,1031.5192680779162,657043.2,33008.61657849332,4020.2,265.9427500497052
bandit,119,1190,0,0.0,1.0,0.0,19938.6,1140.7175752551548,638035.2,36502.96240816495,3674.4,330.63555975726507
bandit,120,1200,0,0.0,1.0,0.0,18572.4,1090.0834929930825,594316.8,34882.67177577864,3266.4,166.46805127711443
bandit,121,1210,0,0.0,1.0,0.0,20532.6,1031.5192680779162,657043.2,33008.61657849332,3987.8,275.08472568283395
bandit,122,1220,0,0.0,1.0,0.0,19938.6,1140.7175752551548,638035.2,36502.96240816495,3662.0,285.52699851327543
bandit,123,1230,0,0.0,1.0,0.0,18572.4,1090.0834929930825,594316.8,34882.67177577864,3263.0,157.79156479355925
bandit,124,1240,0,0.0,1.0,0.0,20532.6,1031.5192680779162,657043.2,33008.61657849332,4025.2,254.57555653282975
bandit,125,1250,0,0.0,1.0,0.0,19938.6,1140.7175752551548,638035.2,36502.96240816495,3637.4,251.85702566337116
bandit,126,1260,0,0.0,1.0,0.0,18572.4,1090.0834929930825,594316.8,34882.67177577864,3266.4,179.98585126614813
bandit,127,1270,0,0.0,1.0,0.0,20532.6,1031.5192680779162,657043.2,33008.61657849332,3990.0,258.4942044998301
bandit,128,1280,0,0.0,1.0,0.0,19938.6,1140.7175752551548,638035.2,36502.96240816495,3703.0,278.67933141874727
bandit,129,1290,0,0.0,1.0,0.0,18572.4,1090.0834929930825,594316.8,34882.67177577864,3264.8,164.80954603420275
bandit,130,1300,0,0.0,1.0,0.0,20532.6,1031.5192680779162,657043.2,33008.61657849332,4000.4,259.18033894568464
bandit,131,1310,0,0.0,1.0,0.0,19938.6,1140.7175752551548,638035.2,36502.96240816495,3682.8,265.0267906155904
bandit,132,1320,0,0.0,1.0,0.0,18572.4,1090.0834929930825,594316.8,34882.67177577864,3264.6,219.4058703316755
bandit,133,1330,0,0.0,1.0,0.0,20532.6,1031.5192680779162,657043.2,33008.61657849332,3976.4,279.1913880047162
bandit,134,1340,0,0.0,1.0,0.0,19938.6,1140.7175752551548,638035.2,36502.96240816495,3646.8,287.92019738809574
bandit,135,1350,0,0.0,1.0,0.0,18572.4,1090.0834929930825,594316.8,34882.67177577864,3269.2,195.90923098210558
bandit,136,1360,0,0.0,1.0,0.0,20532.6,1031.5192680779162,657043.2,33008.61657849332,3981.8,260.2252665365145
bandit,137,1370,0,0.0,1.0,0.0,19938.6,1140.7175752551548,638035.2,36502.96240816495,3618.2,284.90297335057767
bandit,138,1380,0,0.0,1.0,0.0,18572.4,1090.0834929930825,594316.8,34882.67177577864,3270.6,191.09004897168245
bandit,139,1390,0,0.0,1.0,0.0,20532.6,1031.5192680779162,657043.2,33008.61657849332,3971.2,251.07852457747154
